0;Songs Rack;Unknown;Demos:WHDLOAD/AGA/S/SongsRackAGA/songsrackaga.slave;0;0;0;0
0;Synthesis Alt;Unknown;Demos:WHDLOAD/AGA/S/SynthesisNetworkAGA/synthesisnetworkaga.slave;0;0;0;0
0;Shaft 7;Unknown;Demos:WHDLOAD/AGA/S/Shaft7AGA/shaft7aga.slave;0;0;0;0
0;Shakka Lakka;Unknown;Demos:WHDLOAD/AGA/S/ShakkaLakkaAGA/shakkalakkaaga.slave;0;0;0;0
0;A Sensation;Unknown;Demos:WHDLOAD/AGA/S/SensationAGA/sensationaga.slave;1;16;1;0
0;Sun;Unknown;Demos:WHDLOAD/AGA/S/SunAGA/sunaga.slave;0;0;0;0
0;Seduction;Unknown;Demos:WHDLOAD/AGA/S/SeductionAGA/seductionaga.slave;0;0;0;0
0;Skarla 'S' 40k intro;Unknown;Demos:WHDLOAD/AGA/S/SAGA/saga.slave;0;0;0;0
0;Silicon Graphics 2;Unknown;Demos:WHDLOAD/AGA/S/SiliconGraphics2AGA/silicongraphics2aga.slave;0;0;0;0
0;Switchback;Unknown;Demos:WHDLOAD/AGA/S/SwitchbackAGA/switchbackaga.slave;0;0;0;0
0;Soho;Unknown;Demos:WHDLOAD/AGA/S/SohoAGA/sohoaga.slave;0;0;0;0
0;Sumea;Unknown;Demos:WHDLOAD/AGA/S/SumeaAGA/sumeaaga.slave;0;0;0;0
0;Soulkitchen;Unknown;Demos:WHDLOAD/AGA/S/SoulKitchenAGA/soulkitchenaga.slave;0;0;0;0
0;Nop;Unknown;Demos:WHDLOAD/AGA/N/NopAGA/nopaga.slave;0;0;0;0
0;Numb;Unknown;Demos:WHDLOAD/AGA/N/NumbAGA/numbaga.slave;0;0;0;0
0;Nexus 7;Unknown;Demos:WHDLOAD/AGA/N/Nexus7AGA/nexus7aga.slave;0;0;0;0
0;Not Again;Unknown;Demos:WHDLOAD/AGA/N/NotAgain/notagain.slave;0;0;0;0
0;Harmagedon;Unknown;Demos:WHDLOAD/AGA/H/HarmagedonAGA/harmagedonaga.slave;0;0;0;0
0;World Of Manga;Unknown;Demos:WHDLOAD/AGA/W/WorldOfMangaAGA/worldofmangaaga.slave;0;0;0;0
0;Wild;Unknown;Demos:WHDLOAD/AGA/W/WildAGA/wildaga.slave;0;0;0;0
0;Wit Premium;Unknown;Demos:WHDLOAD/AGA/W/WitPremiumAGA/witpremiumaga.slave;0;0;0;0
0;When We Ride On Our Enemies;Unknown;Demos:WHDLOAD/AGA/W/WhenWeRideAGA/whenwerideaga.slave;0;0;0;0
0;Roots 2.0 Alt;Unknown;Demos:WHDLOAD/AGA/R/Roots2AGA/roots2aga.slave;0;0;0;0
0;Roots;Unknown;Demos:WHDLOAD/AGA/R/RootsAGA/rootsaga.slave;0;0;0;0
0;Real;Unknown;Demos:WHDLOAD/AGA/R/RealAGA/realaga.slave;0;0;0;0
0;Top Karaoke #3 - Capitaine Flam;Unknown;Demos:WHDLOAD/AGA/T/TopKaraoke3AGA/topkaraoke3aga.slave;0;0;0;0
0;Top Karaoke #2 - Albator;Unknown;Demos:WHDLOAD/AGA/T/TopKaraoke2AGA/topkaraoke2aga.slave;0;0;0;0
0;Tint;Unknown;Demos:WHDLOAD/AGA/T/TintAGA/tintaga.slave;0;0;0;0
0;Tag Alt;Unknown;Demos:WHDLOAD/AGA/T/TagAGA/tagaga.slave;0;0;0;0
0;Thug Life;Unknown;Demos:WHDLOAD/AGA/T/ThugLifeAGA/thuglifeaga.slave;0;0;0;0
0;Twisted;Unknown;Demos:WHDLOAD/AGA/T/TwistedAGA/twistedaga.slave;0;0;0;0
0;OriginAGA;Unknown;Demos:WHDLOAD/AGA/O/OriginAGA/originaga.slave;0;0;0;0
0;Oasis;Unknown;Demos:WHDLOAD/AGA/O/OasisAGA/oasisaga.slave;0;0;0;0
0;Jesus was a demomaker;Unknown;Demos:WHDLOAD/AGA/J/JesusWasADemomakerAGA/jesuswasademomakeraga.slave;1;2;0;0
0;Difficult To Cure;Unknown;Demos:WHDLOAD/AGA/D/DifficultToCureAGA/difficulttocureaga.slave;0;0;0;0
0;Darkside;Unknown;Demos:WHDLOAD/AGA/D/DarksideAGA/darksideaga.slave;0;0;0;0
0;Dirt;Unknown;Demos:WHDLOAD/AGA/D/DirtAGA/dirtaga.slave;0;0;0;0
0;The Dog's Cogs;Unknown;Demos:WHDLOAD/AGA/D/DogsCogsAGA/dogscogsaga.slave;0;0;0;0
0;Que?;Unknown;Demos:WHDLOAD/AGA/Q/QueAGA/queaga.slave;0;0;0;0
0;TQED 2;Unknown;Demos:WHDLOAD/AGA/Q/QED2AGA/qed2aga.slave;0;0;0;0
0;Captured Dreams;Unknown;Demos:WHDLOAD/AGA/C/CapturedDreamsAGA/captureddreamsaga.slave;0;0;0;0
0;Cuzco;Unknown;Demos:WHDLOAD/AGA/C/CuzcoAGA/cuzcoaga.slave;0;1;0;0
0;Crazy Sexy Cool;Unknown;Demos:WHDLOAD/AGA/C/CrazySexyCoolAGA/crazysexycoolaga.slave;0;1;0;0
0;Control;Unknown;Demos:WHDLOAD/AGA/C/ControlAGA/controlaga.slave;0;0;0;0
0;Glow;Unknown;Demos:WHDLOAD/AGA/G/GlowAGA/glowaga.slave;0;0;0;0
0;Goa;Unknown;Demos:WHDLOAD/AGA/G/GoaAGA/goaaga.slave;0;0;0;0
0;Mina Omistan;Unknown;Demos:WHDLOAD/AGA/M/MinaOmistanAGA/minaomistanaga.slave;0;0;0;0
0;MotionAGA;Unknown;Demos:WHDLOAD/AGA/M/MotionAGA/motionaga.slave;0;0;0;0
0;Mr. Monkey;Unknown;Demos:WHDLOAD/AGA/M/MrMonkeyAGA/mrmonkeyaga.slave;0;0;0;0
0;Makaveli;Unknown;Demos:WHDLOAD/AGA/M/MakaveliAGA/makaveliaga.slave;0;0;0;0
0;Hoi Saga Demo I - Planet Groove;Unknown;Demos:WHDLOAD/AGA/P/PlanetGrooveAGA/planetgrooveaga.slave;0;0;0;0
0;Pee Wee;Unknown;Demos:WHDLOAD/AGA/P/PeeWeeAGA/peeweeaga.slave;0;0;0;0
0;Psychedelic;Unknown;Demos:WHDLOAD/AGA/P/PsychedelicAGA/psychedelicaga.slave;0;0;0;0
0;The Prey;Unknown;Demos:WHDLOAD/AGA/P/PreyAGA/preyaga.slave;0;0;0;0
0;Picture Book;Unknown;Demos:WHDLOAD/AGA/P/PictureBookAGA/picturebookaga.slave;0;0;0;0
0;Planet M;Unknown;Demos:WHDLOAD/AGA/P/PlanetMAGA/planetmaga.slave;0;0;0;0
0;Ilex;Unknown;Demos:WHDLOAD/AGA/I/IlexAGA/ilexaga.slave;0;0;0;0
0;Ilyad;Unknown;Demos:WHDLOAD/AGA/I/IlyadAGA/ilyadaga.slave;0;0;0;0
0;Iso;Unknown;Demos:WHDLOAD/AGA/I/IsoAGA/isoaga.slave;0;0;0;0
0;FullMoon;Unknown;Demos:WHDLOAD/AGA/F/FullMoonAGA/fullmoonaga.slave;0;0;0;0
0;Faktory;Unknown;Demos:WHDLOAD/AGA/F/FaktoryAGA/faktoryaga.slave;0;0;0;0
0;Friday At Eight;Unknown;Demos:WHDLOAD/AGA/F/FridayAtEightAGA/fridayateightaga.slave;0;0;0;0
0;Love;Unknown;Demos:WHDLOAD/AGA/L/LoveAGA/loveaga.slave;0;0;0;0
0;Atome;Unknown;Demos:WHDLOAD/AGA/A/AtomeAGA/atomeaga.slave;0;0;0;0
0;Artificial Paradise;Unknown;Demos:WHDLOAD/AGA/A/ArtificialParadiseAGA/artificialparadiseaga.slave;0;0;0;0
0;Authentik;Unknown;Demos:WHDLOAD/AGA/A/AuthentikAGA/authentikaga.slave;0;0;0;0
0;Animatunes;Unknown;Demos:WHDLOAD/AGA/A/AnimatunesAGA/animatunesaga.slave;0;0;0;0
0;A1200 Demo;Unknown;Demos:WHDLOAD/AGA/A/A1200DemoAGA/a1200demoaga.slave;0;0;0;0
0;The Breath of the Muse;Unknown;Demos:WHDLOAD/AGA/B/BreathOfTheMuseAGA/breathofthemuseaga.slave;0;0;0;0
0;Beyond The Future;Unknown;Demos:WHDLOAD/AGA/B/BeyondTheFutureAGA/beyondthefutureaga.slave;0;0;0;0
0;Big Time Sensuality;Unknown;Demos:WHDLOAD/AGA/B/BigTimeSensualityAGA/bigtimesensualityaga.slave;0;0;0;0
0;Breathtaker;Unknown;Demos:WHDLOAD/AGA/B/BreathtakerAGA/breathtakeraga.slave;0;0;0;0
0;Baygon;Unknown;Demos:WHDLOAD/AGA/B/BaygonAGA/baygonaga.slave;0;0;0;0
0;Chromagic;Unknown;Demos:WHDLOAD/OCS/C/Chromagic/chromagic.slave;0;0;0;0
0;Chords;Unknown;Demos:WHDLOAD/OCS/C/Chords/chords.slave;0;0;0;0
0;Chip Music Festival;Unknown;Demos:WHDLOAD/OCS/C/ChipMusicFestival/chipmusicfestival.slave;0;0;0;0
0;Clapping Hands;Unknown;Demos:WHDLOAD/OCS/C/ClappingWorld/clappingworld.slave;0;0;0;0
0;C64 Demo;Unknown;Demos:WHDLOAD/OCS/C/C64Demos/c64demos.slave;0;0;0;0
0;Cebit '89;Unknown;Demos:WHDLOAD/OCS/C/Cebit89/cebit89.slave;0;0;0;0
0;Crayon Shinchan;Unknown;Demos:WHDLOAD/OCS/C/CrayonShinchan/crayonshinchan.slave;0;0;0;0
0;Crazy Sounds 2;Unknown;Demos:WHDLOAD/OCS/C/CrazySounds2/crazysounds2.slave;0;0;0;0
0;Compilation Disk;Unknown;Demos:WHDLOAD/OCS/C/CompilationDisk/compilationdisk.slave;0;0;0;0
0;Coppr Cabana;Unknown;Demos:WHDLOAD/OCS/C/CopperCabana/coppercabana.slave;0;0;0;0
0;Crystal Symphonies;Unknown;Demos:WHDLOAD/OCS/C/CrystalSymphonies/crystalsymphonies.slave;0;1;0;0
0;Cyber Sounds;Unknown;Demos:WHDLOAD/OCS/C/CyberSounds/cybersounds.slave;0;0;0;0
0;Checked Implosion;Unknown;Demos:WHDLOAD/OCS/C/CheckedImplosion/checkedimplosion.slave;0;0;0;0
0;Celebration;Unknown;Demos:WHDLOAD/OCS/C/Celebration/celebration.slave;0;0;0;0
0;Copper Master;Unknown;Demos:WHDLOAD/OCS/C/CopperMaster/coppermaster.slave;0;0;0;0
0;Cherokee;Unknown;Demos:WHDLOAD/OCS/C/Cherokee/cherokee.slave;0;0;0;0
0;Contact intro;Unknown;Demos:WHDLOAD/OCS/C/ContactIntro/contactintro.slave;0;0;0;0
0;Capricorn One;Unknown;Demos:WHDLOAD/OCS/C/CapricornOne/capricornone.slave;0;0;0;0
0;Cutcreations;Unknown;Demos:WHDLOAD/OCS/C/Cutcreations/cutcreations.slave;0;1;0;0
0;Chip Attack;Unknown;Demos:WHDLOAD/OCS/C/ChipAttack/chipattack.slave;0;0;0;0
0;Crystal Symphonies 2;Unknown;Demos:WHDLOAD/OCS/C/CrystalSymphonies2/crystalsymphonies2.slave;0;0;0;0
0;Coma;Unknown;Demos:WHDLOAD/OCS/C/Coma/coma.slave;0;0;0;0
0;Coca Cola Demo;Unknown;Demos:WHDLOAD/OCS/C/CocaColaDemo/cocacolademo.slave;0;0;0;0
0;Circle Scroller;Unknown;Demos:WHDLOAD/OCS/C/CircleScroller/circlescroller.slave;0;0;0;0
0;Contravention;Unknown;Demos:WHDLOAD/OCS/C/Contravention/contravention.slave;0;0;0;0
0;Compact Music Disk 1;Unknown;Demos:WHDLOAD/OCS/C/CompactMusicDisk1/compactmusicdisk1.slave;0;0;0;0
0;Curiosity;Unknown;Demos:WHDLOAD/OCS/C/Curiosity/curiosity.slave;0;1;0;0
0;- Cebit'90 (Revenge of Babbnaasen) -;Unknown;Demos:WHDLOAD/OCS/C/Cebit90/cebit90.slave;0;0;0;0
0;Chip Music;Unknown;Demos:WHDLOAD/OCS/C/ChipMusic/chipmusic.slave;0;0;0;0
0;Concept Criminosical;Unknown;Demos:WHDLOAD/OCS/C/ConceptCriminosical/conceptcriminosical.slave;0;0;0;0
0;Creamy Cranium 1;Unknown;Demos:WHDLOAD/OCS/C/CreamyCranium1/creamycranium1.slave;0;1;0;0
0;Contagion;Unknown;Demos:WHDLOAD/OCS/C/Contagion/contagion.slave;0;0;0;0
0;Copper Slave;Unknown;Demos:WHDLOAD/OCS/C/CopperSlave/copperslave.slave;0;0;0;0
0;Color Crime;Unknown;Demos:WHDLOAD/OCS/C/ColorCrime/colorcrime.slave;0;0;0;0
0;Colors;Unknown;Demos:WHDLOAD/OCS/C/Colors/colors.slave;0;0;0;0
0;Can I play with madness;Unknown;Demos:WHDLOAD/OCS/C/CanIPlayWithMadness/caniplaywithmadness.slave;0;0;0;0
0;Cerebral Delights;Unknown;Demos:WHDLOAD/OCS/C/CerebralDelights/cerebraldelights.slave;0;0;0;0
0;The Complete;Unknown;Demos:WHDLOAD/OCS/C/Complete/complete.slave;0;0;0;0
0;The Codertrash;Unknown;Demos:WHDLOAD/OCS/C/Codertrash/codertrash.slave;0;0;0;0
0;Beach Volley demo;Unknown;Demos:WHDLOAD/OCS/B/BeachVolleyDemo/beachvolleydemo.slave;0;1;0;0
0;BBS Intro;Unknown;Demos:WHDLOAD/OCS/B/BBSIntro/bbsintro.slave;0;0;0;0
0;Batman Vuelve;Unknown;Demos:WHDLOAD/OCS/B/BatmanVuelve/batmanvuelve.slave;0;0;0;0
0;Basso Continuo;Unknown;Demos:WHDLOAD/OCS/B/BassoContinuo/bassocontinuo.slave;0;0;0;0
0;Bass-O-Matic;Unknown;Demos:WHDLOAD/OCS/B/BassOMatic/bassomatic.slave;0;0;0;0
0;Bard in a Box;Unknown;Demos:WHDLOAD/OCS/B/BardInABox/bardinabox.slave;0;0;0;0
0;Banging Raves 2;Unknown;Demos:WHDLOAD/OCS/B/BangingRaves2/bangingraves2.slave;0;0;0;0
0;Banging Raves;Unknown;Demos:WHDLOAD/OCS/B/BangingRaves/bangingraves.slave;0;0;0;0
0;Bandit's Radio;Unknown;Demos:WHDLOAD/OCS/B/BanditsRadio/banditsradio.slave;0;0;0;0
0;Bacteria;Unknown;Demos:WHDLOAD/OCS/B/Bacteria/bacteria.slave;0;0;0;0
0;The B.I.G. Demo;Unknown;Demos:WHDLOAD/OCS/B/BIGDemo/bigdemo.slave;0;0;0;0
0;Bruno's MusicBox 2;Unknown;Demos:WHDLOAD/OCS/B/BrunosMusicBox2/brunosmusicbox2.slave;0;0;0;0
0;The Best of Pearl;Unknown;Demos:WHDLOAD/OCS/B/BestOfPearl/bestofpearl.slave;0;0;0;0
0;Boulder Demo;Unknown;Demos:WHDLOAD/OCS/B/BoulderDemo/boulderdemo.slave;0;0;0;0
0;Burning Spear;Unknown;Demos:WHDLOAD/OCS/B/BurningSpear/burningspear.slave;0;0;0;0
0;Boris Vallejo slide;Unknown;Demos:WHDLOAD/OCS/B/BorisVallejoSlide/borisvallejoslide.slave;0;0;0;0
0;Book of Songs;Unknown;Demos:WHDLOAD/OCS/B/BookOfSongs/bookofsongs.slave;0;0;0;0
0;Big Business;Unknown;Demos:WHDLOAD/OCS/B/BigBusiness/bigbusiness.slave;0;0;0;0
0;Blasting;Unknown;Demos:WHDLOAD/OCS/B/Blasting/blasting.slave;0;0;0;0
0;Beyond Justice;Unknown;Demos:WHDLOAD/OCS/B/BeyondJustice/beyondjustice.slave;0;0;0;0
0;Black & White;Unknown;Demos:WHDLOAD/OCS/B/BlackNWhite/blacknwhite.slave;0;0;0;0
0;Beat Box;Unknown;Demos:WHDLOAD/OCS/B/BeatBox/beatbox.slave;0;1;0;0
0;Bubonic Plague;Unknown;Demos:WHDLOAD/OCS/B/BubonicPlague/bubonicplague.slave;0;0;0;0
0;-* B E A S T   S O N I X *-;Unknown;Demos:WHDLOAD/OCS/B/BeastSonix/beastsonix.slave;0;0;0;0
0;Blue House 2;Unknown;Demos:WHDLOAD/OCS/B/BlueHouse2/bluehouse2.slave;0;0;0;0
0;Black Energy;Unknown;Demos:WHDLOAD/OCS/B/BlackEnergy/blackenergy.slave;0;0;0;0
0;Bomb the Bass - Tuneshow 2;Unknown;Demos:WHDLOAD/OCS/B/BombTheBassTuneshow2/bombthebasstuneshow2.slave;0;0;0;0
0;The Beginning;Unknown;Demos:WHDLOAD/OCS/B/Beginning/beginning.slave;0;0;0;0
0;Back 2 Base;Unknown;Demos:WHDLOAD/OCS/B/Back2Base/back2base.slave;0;0;0;0
0;Breed CD 1 (Music Disk 1);Unknown;Demos:WHDLOAD/OCS/B/BreedCD1/breedcd1.slave;0;0;0;0
0;Beatvise;Unknown;Demos:WHDLOAD/OCS/B/Beatvise/beatvise.slave;0;0;0;0
0;Bernhard Sumner Music Disk 1;Unknown;Demos:WHDLOAD/OCS/B/BernhardSumnerMusicDisk1/bernhardsumnermd1.slave;0;0;0;0
0;Best of RAF Vol.1;Unknown;Demos:WHDLOAD/OCS/B/BestOfRAFVol1/bestofrafvol1.slave;0;0;0;0
0;Bruno's MusicBox 3;Unknown;Demos:WHDLOAD/OCS/B/BrunosMusicBox3/brunosmusicbox3.slave;0;0;0;0
0;Blues House;Unknown;Demos:WHDLOAD/OCS/B/BluesHouse/blueshouse.slave;0;0;0;0
0;Boundless Void;Unknown;Demos:WHDLOAD/OCS/B/BoundlessVoid/boundlessvoid.slave;0;0;0;0
0;The Best of Grubi;Unknown;Demos:WHDLOAD/OCS/B/BestOfGrubi/bestofgrubi.slave;0;0;0;0
0;BBS Trackmo;Unknown;Demos:WHDLOAD/OCS/D/DarkHellBBSTrackmo/darkhellbbstrackmo.slave;0;0;0;0
0;Digital Sounds Volume 1;Unknown;Demos:WHDLOAD/OCS/D/DigitalSounds1/digitalsounds1.slave;0;0;0;0
0;Demon Download;Unknown;Demos:WHDLOAD/OCS/D/DemonDownload/demondownload.slave;0;0;0;0
0;Digital Noises;Unknown;Demos:WHDLOAD/OCS/D/DigitalNoises/digitalnoises.slave;0;0;0;0
0;Demon's Rage;Unknown;Demos:WHDLOAD/OCS/D/DemonsRage/demonsrage.slave;0;0;0;0
0;Dance Trance;Unknown;Demos:WHDLOAD/OCS/D/DanceTrance/dancetrance.slave;0;0;0;0
0;Digital Concert #3;Unknown;Demos:WHDLOAD/OCS/D/DigitalConcert3/digitalconcert3.slave;0;0;0;0
0;Digital Complexity;Unknown;Demos:WHDLOAD/OCS/D/DigitalComplexityCrass/digitalcomplexitycrass.slave;0;0;0;0
0;Digital Innovation;Unknown;Demos:WHDLOAD/OCS/D/DigitalInnovation/digitalinnovation.slave;0;0;0;0
0;Digital Concert #2;Unknown;Demos:WHDLOAD/OCS/D/DigitalConcert2/digitalconcert2.slave;0;0;0;0
0;Delirium;Unknown;Demos:WHDLOAD/OCS/D/DeliriumKronical/deliriumkronical.slave;0;0;0;0
0;DANE;Unknown;Demos:WHDLOAD/OCS/D/DANE/dane.slave;0;0;0;0
0;Double Intro;Unknown;Demos:WHDLOAD/OCS/D/DoubleIntro/doubleintro.slave;0;0;0;0
0;The Day Of Reckoning;Unknown;Demos:WHDLOAD/OCS/D/DayOfReckoning/dayofreckoning.slave;0;0;0;0
0;Deadly Jammin II;Unknown;Demos:WHDLOAD/OCS/D/DeadlyJammin2/deadlyjammin2.slave;0;0;0;0
0;Hinch Demo;Unknown;Demos:WHDLOAD/OCS/D/DerrynHinchDemo/derrynhinchdemo.slave;0;0;0;0
0;Dream Tripping;Unknown;Demos:WHDLOAD/OCS/D/DreamTrippin/dreamtrippin.slave;0;0;0;0
0;Drunk Desert Demo;Unknown;Demos:WHDLOAD/OCS/D/DrunkDesertDemo/drunkdesertdemo.slave;0;0;0;0
0;Don't Panic;Unknown;Demos:WHDLOAD/OCS/D/DontPanic/dontpanic.slave;0;0;0;0
0;Delirium Alt;Unknown;Demos:WHDLOAD/OCS/D/DeliriumFraxion/deliriumfraxion.slave;0;0;0;0
0;Don Martin Music Disk;Unknown;Demos:WHDLOAD/OCS/D/DonMartinMusicDisk/donmartinmusicdisk.slave;0;0;0;0
0;Dance Trance 2;Unknown;Demos:WHDLOAD/OCS/D/DanceTrance2/dancetrance2.slave;0;0;0;0
0;Demons Are Forever;Unknown;Demos:WHDLOAD/OCS/D/DemonsAreForever/demonsareforever.slave;0;0;0;0
0;Digital Concert #5;Unknown;Demos:WHDLOAD/OCS/D/DigitalConcert5/digitalconcert5.slave;0;0;0;0
0;Dyspepsia;Unknown;Demos:WHDLOAD/OCS/D/Dyspepsia/dyspepsia.slave;0;0;0;0
0;Deja Vu;Unknown;Demos:WHDLOAD/OCS/D/DejaVu/dejavu.slave;0;0;0;0
0;Disco Fever;Unknown;Demos:WHDLOAD/OCS/D/DiscoFever/discofever.slave;0;0;0;0
0;Digital Music Art;Unknown;Demos:WHDLOAD/OCS/D/DigitalMusicArt/digitalmusicart.slave;0;0;0;0
0;Delirium Alt Alt;Unknown;Demos:WHDLOAD/OCS/D/DeliriumDeform/deliriumdeform.slave;0;0;0;0
0;Digital Concert #6;Unknown;Demos:WHDLOAD/OCS/D/DigitalConcert6/digitalconcert6.slave;0;0;0;0
0;Drums & Pipes;Unknown;Demos:WHDLOAD/OCS/D/Drums&Pipes/drums&pipes.slave;0;0;0;0
0;Deformations;Unknown;Demos:WHDLOAD/OCS/D/Deformations/deformations.slave;0;0;0;0
0;Do The Bartman;Unknown;Demos:WHDLOAD/OCS/D/DoTheBartman/dothebartman.slave;0;0;0;0
0;Demodisk 1;Unknown;Demos:WHDLOAD/OCS/D/DemoDiskOne/demodiskone.slave;0;0;0;0
0;Deepcore;Unknown;Demos:WHDLOAD/OCS/D/Deepcore/deepcore.slave;0;0;0;0
0;Demo Disk;Unknown;Demos:WHDLOAD/OCS/D/DemoDiskSubway/demodisksubway.slave;0;0;0;0
0;Darkroom;Unknown;Demos:WHDLOAD/OCS/D/Darkroom/darkroom.slave;0;0;0;0
0;Divine Inspiration;Unknown;Demos:WHDLOAD/OCS/D/DivineInspiration/divineinspiration.slave;0;0;0;0
0;Dragon Lord demo;Unknown;Demos:WHDLOAD/OCS/D/DragonLord/dragonlord.slave;0;0;0;0
0;Dizzy Tunes 2;Unknown;Demos:WHDLOAD/OCS/D/DizzyTunes2/dizzytunes2.slave;0;0;0;0
0;Decibel Overload;Unknown;Demos:WHDLOAD/OCS/D/DecibelOverload/decibeloverload.slave;0;0;0;0
0;Demo;Unknown;Demos:WHDLOAD/OCS/D/DemoMute101/demomute101.slave;0;0;0;0
0;Dynamo;Unknown;Demos:WHDLOAD/OCS/D/Dynamo/dynamo.slave;0;0;0;0
0;Decaying Paradise;Unknown;Demos:WHDLOAD/OCS/D/DecayingParadise/decayingparadise.slave;0;0;0;0
0;Digital Concert #1;Unknown;Demos:WHDLOAD/OCS/D/DigitalConcert/digitalconcert.slave;0;0;0;0
0;D.O.S.;Unknown;Demos:WHDLOAD/OCS/D/DOS/dos.slave;0;1;0;0
0;Danish Know-How;Unknown;Demos:WHDLOAD/OCS/D/DanishKnowHow/danishknowhow.slave;0;0;0;0
0;Desert Dream;Unknown;Demos:WHDLOAD/OCS/D/DesertDream/desertdream.slave;0;0;0;0
0;Det Kniber;Unknown;Demos:WHDLOAD/OCS/D/DetKniber/detkniber.slave;0;0;0;0
0;Devil's key;Unknown;Demos:WHDLOAD/OCS/D/DevilsKey/devilskey.slave;0;0;0;0
0;Despair;Unknown;Demos:WHDLOAD/OCS/D/Despair/despair.slave;0;0;0;0
0;Drustore;Unknown;Demos:WHDLOAD/OCS/D/Drugstore/drugstore.slave;0;0;0;0
0;Dance Diverse Vol.1;Unknown;Demos:WHDLOAD/OCS/D/DanceDiverseVol1/dancediversevol1.slave;0;0;0;0
0;Diggy Piggys Slideshow;Unknown;Demos:WHDLOAD/OCS/D/DiggyPiggys/diggypiggys.slave;0;0;0;0
0;Drums & Reverbs;Unknown;Demos:WHDLOAD/OCS/D/Drums&Reverbs/drums&reverbs.slave;0;0;0;0
0;Darktro;Unknown;Demos:WHDLOAD/OCS/D/Darktro/darktro.slave;0;0;0;0
0;Demo Disk Alt;Unknown;Demos:WHDLOAD/OCS/D/DemoDiskQuest/demodiskquest.slave;0;0;0;0
0;Delicate Sounds;Unknown;Demos:WHDLOAD/OCS/D/DelicateSounds/delicatesounds.slave;0;0;0;0
0;Digital Concert #4;Unknown;Demos:WHDLOAD/OCS/D/DigitalConcert4/digitalconcert4.slave;0;0;0;0
0;Dizzy Tunes;Unknown;Demos:WHDLOAD/OCS/D/DizzyTunes/dizzytunes.slave;0;0;0;0
0;Algebra;Unknown;Demos:WHDLOAD/OCS/A/Algebra/algebra.slave;0;0;0;0
0;Alfred;Unknown;Demos:WHDLOAD/OCS/A/AlfredTheMusicDisk/alfredthemusicdisk.slave;0;0;0;0
0;Alchemy;Unknown;Demos:WHDLOAD/OCS/A/Alchemy/alchemy.slave;0;0;0;0
0;Acme 1991 Slideshow;Unknown;Demos:WHDLOAD/OCS/A/Acme1991Slideshow/acme1991slideshow.slave;0;0;0;0
0;Acid in the House;Unknown;Demos:WHDLOAD/OCS/A/AcidInTheHouse/acidinthehouse.slave;0;0;0;0
0;Absolute Swedish;Unknown;Demos:WHDLOAD/OCS/A/AbsoluteSwedish/absoluteswedish.slave;0;0;0;0
0;Absolute Inebriation;Unknown;Demos:WHDLOAD/OCS/A/AbsoluteInebriation/absoluteinebriation.slave;0;1;0;0
0;Absence of Light;Unknown;Demos:WHDLOAD/OCS/A/AbsenceOfLight/absenceoflight.slave;0;2;0;0
0;Amazing Tunes;Unknown;Demos:WHDLOAD/OCS/A/AmazingTunes/amazingtunes.slave;0;0;0;0
0;Anarchy - Announcetro;Unknown;Demos:WHDLOAD/OCS/A/AnarchyAnnouncetro/anarchyannouncetro.slave;0;0;0;0
0;Audio Rhythm 2;Unknown;Demos:WHDLOAD/OCS/A/AudioRhythm2/audiorhythm2.slave;0;0;0;0
0;Art and Go;Unknown;Demos:WHDLOAD/OCS/A/Art&Go/art&go.slave;0;0;0;0
0;AudiOmega;Unknown;Demos:WHDLOAD/OCS/A/AudiOmega/audiomega.slave;0;0;0;0
0;Analogia;Unknown;Demos:WHDLOAD/OCS/A/Analogia/analogia.slave;0;0;0;0
0;A few Tunes by Dr. Awesome & Fleshbrain;Unknown;Demos:WHDLOAD/OCS/A/AFewTunes/afewtunes.slave;0;1;0;0
0;Apocalypse;Unknown;Demos:WHDLOAD/OCS/A/Apocalypse/apocalypse.slave;0;0;0;0
0;Amazing Tunes 2;Unknown;Demos:WHDLOAD/OCS/A/AmazingTunes2/amazingtunes2.slave;0;0;0;0
0;Assembblo;Unknown;Demos:WHDLOAD/OCS/A/Assemblo/assemblo.slave;0;0;0;0
0;Alternative Reality;Unknown;Demos:WHDLOAD/OCS/A/AlternativeReality/alternativereality.slave;0;0;0;0
0;Alpha and Omega;Unknown;Demos:WHDLOAD/OCS/A/Alpha&Omega/alpha&omega.slave;0;0;0;0
0;Art of Noise 3;Unknown;Demos:WHDLOAD/OCS/A/ArtOfNoise3/artofnoise3.slave;0;0;0;0
0;Assembly '92 Slideshow;Unknown;Demos:WHDLOAD/OCS/A/Assembly92Slideshow/assembly92slideshow.slave;0;0;0;0
0;Art of Noise 4;Unknown;Demos:WHDLOAD/OCS/A/ArtOfNoise4/artofnoise4.slave;0;0;0;0
0;Aquarium;Unknown;Demos:WHDLOAD/OCS/A/Aquarium/aquarium.slave;0;0;0;0
0;Announce;Unknown;Demos:WHDLOAD/OCS/A/Announce/announce.slave;0;0;0;0
0;Autumn Nights;Unknown;Demos:WHDLOAD/OCS/A/AutumnNights/autumnnights.slave;0;0;0;0
0;Aloha;Unknown;Demos:WHDLOAD/OCS/A/Aloha/aloha.slave;0;0;0;0
0;Animotion;Unknown;Demos:WHDLOAD/OCS/A/Animotion/animotion.slave;0;1;0;0
0;Anarchy Party Slideshow;Unknown;Demos:WHDLOAD/OCS/A/AnarchyPartySlideshow/anarchypartyslideshow.slave;0;0;0;0
0;Audio Violation;Unknown;Demos:WHDLOAD/OCS/A/AudioViolation/audioviolation.slave;0;0;0;0
0;Anarchy Party 1991 Slideshow;Unknown;Demos:WHDLOAD/OCS/A/AnarchyParty1991Slideshow/anarchypartyslide.slave;0;0;0;0
0;Amplifier I;Unknown;Demos:WHDLOAD/OCS/A/Amplifier1/amplifier1.slave;0;0;0;0
0;Amplifier II;Unknown;Demos:WHDLOAD/OCS/A/Amplifier2/amplifier2.slave;0;0;0;0
0;Audio X;Unknown;Demos:WHDLOAD/OCS/A/AudioX/audiox.slave;0;0;0;0
0;Arte;Unknown;Demos:WHDLOAD/OCS/A/Arte/arte.slave;0;0;0;0
0;Antediluvian Sloppy Spectacle;Unknown;Demos:WHDLOAD/OCS/A/A.S.S/a.s.s.slave;0;0;0;0
0;Atmospherical Melodies;Unknown;Demos:WHDLOAD/OCS/A/AtmosphericalMelodies/atmosphericalmelodies.slave;0;0;0;0
0;Astrogate;Unknown;Demos:WHDLOAD/OCS/A/Astrogate/astrogate.slave;0;0;0;0
0;Audio Dreams;Unknown;Demos:WHDLOAD/OCS/A/AudioDreams/audiodreams.slave;0;0;0;0
0;The Audience is Listening;Unknown;Demos:WHDLOAD/OCS/A/AudienceIsListening/audienceislistening.slave;0;0;0;0
0;9 fingers;Unknown;Demos:WHDLOAD/OCS/0-9/9Fingers/9fingers.slave;1;4;0;0
0;3D Balls;Unknown;Demos:WHDLOAD/OCS/0-9/3DBalls/3dballs.slave;0;1;0;0
0;2D;Unknown;Demos:WHDLOAD/OCS/0-9/2D/2d.slave;0;0;0;0
0;1001 Stolen Ideas;Unknown;Demos:WHDLOAD/OCS/0-9/1001StolenIdeas/1001stolenideas.slave;0;0;0;0
0;3D-Net Analyzer;Unknown;Demos:WHDLOAD/OCS/0-9/3DNetAnalyzer/3dnetanalyzer.slave;0;0;0;0
0;8-Bit Jungle;Unknown;Demos:WHDLOAD/OCS/0-9/8BitJungle/8bitjungle.slave;0;0;0;0
0;24 Hour E Fix;Unknown;Demos:WHDLOAD/OCS/0-9/24HourEFix/24hourefix.slave;0;0;0;0
0;5 Yards;Unknown;Demos:WHDLOAD/OCS/0-9/5Yards/5yards.slave;0;0;0;0
0;3D Demo II;Unknown;Demos:WHDLOAD/OCS/0-9/3DDemo2/3ddemo2.slave;0;0;0;0
0;242;Unknown;Demos:WHDLOAD/OCS/0-9/242/242.slave;0;1;0;0
0;3D Demo;Unknown;Demos:WHDLOAD/OCS/0-9/3DDemo/3ddemo.slave;0;0;0;0
0;2 Unlimited;Unknown;Demos:WHDLOAD/OCS/0-9/2Unlimited/2unlimited.slave;0;0;0;0
0;2 Unlimited - No Limit;Unknown;Demos:WHDLOAD/OCS/0-9/2UnlimitedNoLimit/2unlimitednolimit.slave;0;0;0;0
0;Electrons at work;Unknown;Demos:WHDLOAD/OCS/E/ElectronsAtWork/electronsatwork.slave;0;0;0;0
0;ECES Slideshow;Unknown;Demos:WHDLOAD/OCS/E/ECESSlideshow/ecesslideshow.slave;0;0;0;0
0;Earwig;Unknown;Demos:WHDLOAD/OCS/E/Earwig/earwig.slave;0;0;0;0
0;Eargasm Tunes;Unknown;Demos:WHDLOAD/OCS/E/EargasmTunes/eargasmtunes.slave;0;0;0;0
0;End of the misery;Unknown;Demos:WHDLOAD/OCS/E/EndOfTheMisery/endofthemisery.slave;0;0;0;0
0;Experiment;Unknown;Demos:WHDLOAD/OCS/E/Experiment/experiment.slave;0;0;0;0
0;Enigma;Unknown;Demos:WHDLOAD/OCS/E/Enigma/enigma.slave;0;0;0;0
0;Expressions;Unknown;Demos:WHDLOAD/OCS/E/Expressions/expressions.slave;0;0;0;0
0;Empty Head;Unknown;Demos:WHDLOAD/OCS/E/Emptyhead/emptyhead.slave;0;0;0;0
0;Enjoy the Silents;Unknown;Demos:WHDLOAD/OCS/E/EnjoyTheSilents/enjoythesilents.slave;0;0;0;0
0;Essential Beats 3;Unknown;Demos:WHDLOAD/OCS/E/EssentialBeats3/essentialbeats3.slave;0;0;0;0
0;Exage;Unknown;Demos:WHDLOAD/OCS/E/Exage/exage.slave;0;0;0;0
0;Explorer;Unknown;Demos:WHDLOAD/OCS/E/Explorer/explorer.slave;0;0;0;0
0;Electric Sound 3;Unknown;Demos:WHDLOAD/OCS/E/ElectricSound3/electricsound3.slave;0;0;0;0
0;End of Maloy;Unknown;Demos:WHDLOAD/OCS/E/EndOfMaloy/endofmaloy.slave;0;0;0;0
0;Triple Breasted Whore of Eroticon 6;Unknown;Demos:WHDLOAD/OCS/E/Eroticon6/eroticon6.slave;0;0;0;0
0;The Engine;Unknown;Demos:WHDLOAD/OCS/E/Engine/engine.slave;0;0;0;0
0;Extemporized;Unknown;Demos:WHDLOAD/OCS/E/Extemporized/extemporized.slave;0;0;0;0
0;Extension;Unknown;Demos:WHDLOAD/OCS/E/Extension/extension.slave;0;0;0;0
0;Erazorhead;Unknown;Demos:WHDLOAD/OCS/E/Erazorhead/erazorhead.slave;0;0;0;0
0;Ecliptica;Unknown;Demos:WHDLOAD/OCS/E/Ecliptica/ecliptica.slave;0;0;0;0
0;-< E L Y S I U M >-;Unknown;Demos:WHDLOAD/OCS/E/Elysium/elysium.slave;0;0;0;0
0;Zillion Dreams;Unknown;Demos:WHDLOAD/OCS/Z/ZillionDreams/zilliondreams.slave;0;0;0;0
0;Legalise It;Unknown;Demos:WHDLOAD/OCS/L/LegaliseIt/legaliseit.slave;0;0;0;0
0;Linus;Unknown;Demos:WHDLOAD/OCS/L/Linus/linus.slave;0;0;0;0
0;The Long Dark Teatime Of The Soul;Unknown;Demos:WHDLOAD/OCS/L/Teatime/teatime.slave;0;0;0;0
0;Lithium;Unknown;Demos:WHDLOAD/OCS/L/Lithium/lithium.slave;0;0;0;0
0;Loony Tunes;Unknown;Demos:WHDLOAD/OCS/L/LoonyTunes/loonytunes.slave;0;0;0;0
0;Legoland;Unknown;Demos:WHDLOAD/OCS/L/Legoland/legoland.slave;0;0;0;0
0;Lethal Exit;Unknown;Demos:WHDLOAD/OCS/L/LethalExit/lethalexit.slave;0;0;0;0
0;Lethal Frequency;Unknown;Demos:WHDLOAD/OCS/L/LethalFrequency/lethalfrequency.slave;0;0;0;0
0;Love&Anarchy;Unknown;Demos:WHDLOAD/OCS/L/Love&Anarchy/love&anarchy.slave;0;0;0;0
0;The Last Sun Demo;Unknown;Demos:WHDLOAD/OCS/L/LastSun/lastsun.slave;0;0;0;0
0;Lost World;Unknown;Demos:WHDLOAD/OCS/L/LostWorld/lostworld.slave;0;0;0;0
0;Lovesongs;Unknown;Demos:WHDLOAD/OCS/L/Lovesongs/lovesongs.slave;0;0;0;0
0;Laterna Magica;Unknown;Demos:WHDLOAD/OCS/L/LaternaMagica/laternamagica.slave;0;0;0;0
0;Legalise It 2;Unknown;Demos:WHDLOAD/OCS/L/LegalizeIt2/legalizeit2.slave;0;0;0;0
0;Fantastic Dream;Unknown;Demos:WHDLOAD/OCS/F/FantasticDream/fantasticdream.slave;0;0;0;0
0;Future Synthetix;Unknown;Demos:WHDLOAD/OCS/F/FutureSynthetix/futuresynthetix.slave;0;0;0;0
0;Flower Power;Unknown;Demos:WHDLOAD/OCS/F/FlowerPower/flowerpower.slave;0;0;0;0
0;Faster Than Hell;Unknown;Demos:WHDLOAD/OCS/F/FasterThanHell/fasterthanhell.slave;0;0;0;0
0;FantasticArt;Unknown;Demos:WHDLOAD/OCS/F/FantasticArt/fantasticart.slave;0;0;0;0
0;Finlanda;Unknown;Demos:WHDLOAD/OCS/F/Finlandia/finlandia.slave;0;0;0;0
0;Face Another Day;Unknown;Demos:WHDLOAD/OCS/F/FaceAnotherDay/faceanotherday.slave;0;0;0;0
0;Fractal Tunes;Unknown;Demos:WHDLOAD/OCS/F/FractalTunes/fractaltunes.slave;0;0;0;0
0;Falling Up;Unknown;Demos:WHDLOAD/OCS/F/FallingUp/fallingup.slave;0;0;0;0
0;Fantastic Pix Vol.1;Unknown;Demos:WHDLOAD/OCS/F/FantasticPixVol1/fantasticpixvol1.slave;0;0;0;0
0;First Demo;Unknown;Demos:WHDLOAD/OCS/F/FirstDemo/firstdemo.slave;0;0;0;0
0;Fools Gold;Unknown;Demos:WHDLOAD/OCS/F/FoolsGold/foolsgold.slave;0;0;0;0
0;Forgotten;Unknown;Demos:WHDLOAD/OCS/F/Forgotten/forgotten.slave;0;0;0;0
0;Follow Me;Unknown;Demos:WHDLOAD/OCS/F/FollowMe/followme.slave;0;0;0;0
0;Ice;Unknown;Demos:WHDLOAD/OCS/I/Ice/ice.slave;0;0;0;0
0;Innervision;Unknown;Demos:WHDLOAD/OCS/I/Innervision/innervision.slave;0;0;0;0
0;Code Killers Intro;Unknown;Demos:WHDLOAD/OCS/I/IntroCodeKillers/introcodekillers.slave;0;0;0;0
0;Iraq-Demo;Unknown;Demos:WHDLOAD/OCS/I/IraqDemo/iraqdemo.slave;0;0;0;0
0;I've Got The Power;Unknown;Demos:WHDLOAD/OCS/I/IveGotThePower/ivegotthepower.slave;0;0;0;0
0;In Full Affect;Unknown;Demos:WHDLOAD/OCS/I/InFullAffect/infullaffect.slave;0;0;0;0
0;Innership;Unknown;Demos:WHDLOAD/OCS/I/InnershipPussy/innershippussy.slave;0;0;0;0
0;Interspace;Unknown;Demos:WHDLOAD/OCS/I/Interspace/interspace.slave;0;0;0;0
0;Impulse 2;Unknown;Demos:WHDLOAD/OCS/I/Impulse2/impulse2.slave;0;0;0;0
0;Intro? Dentro? Mentro? Demo?;Unknown;Demos:WHDLOAD/OCS/I/IntroDentroMentroDemo/introdentromentrodemo.slave;0;0;0;0
0;Infinite Dreams;Unknown;Demos:WHDLOAD/OCS/I/InfiniteDreamsLunatics/infinitedreamslunatics.slave;0;0;0;0
0;Inspiration is Gone;Unknown;Demos:WHDLOAD/OCS/I/InspirationIsGone/inspirationisgone.slave;0;0;0;0
0;Interference;Unknown;Demos:WHDLOAD/OCS/I/Interference/interference.slave;0;0;0;0
0;In The Kitchen;Unknown;Demos:WHDLOAD/OCS/I/InTheKitchen/inthekitchen.slave;0;0;0;0
0;It's just the Beginning;Unknown;Demos:WHDLOAD/OCS/I/ItsJustTheBeginning/itsjustthebeginning.slave;0;0;0;0
0;Inspiration is none;Unknown;Demos:WHDLOAD/OCS/I/InspirationIsNone/inspirationisnone.slave;0;0;0;0
0;Pixeled Pleasures;Unknown;Demos:WHDLOAD/OCS/P/PixeledPleasures/pixeledpleasures.slave;0;0;0;0
0;Polychrome;Unknown;Demos:WHDLOAD/OCS/P/Polychrome/polychrome.slave;0;0;0;0
0;Point Blank;Unknown;Demos:WHDLOAD/OCS/P/PointBlank/pointblank.slave;0;0;0;0
0;The Punisher;Unknown;Demos:WHDLOAD/OCS/P/Punisher/punisher.slave;0;0;0;0
0;Powertrax;Unknown;Demos:WHDLOAD/OCS/P/Powertrax/powertrax.slave;0;0;0;0
0;Public Attack;Unknown;Demos:WHDLOAD/OCS/P/PublicAttack/publicattack.slave;0;0;0;0
0;Pixel Nation;Unknown;Demos:WHDLOAD/OCS/P/PixelNation/pixelnation.slave;0;0;0;0
0;Peace In The Gulf;Unknown;Demos:WHDLOAD/OCS/P/PeaceInTheGulf/peaceinthegulf.slave;0;0;0;0
0;The Party 2 Slideshow;Unknown;Demos:WHDLOAD/OCS/P/Party2Slideshow/party2slideshow.slave;0;0;0;0
0;Prime 90;Unknown;Demos:WHDLOAD/OCS/P/Prime90/prime90.slave;0;0;0;0
0;Psygnosis Musical Picture Disc #1;Unknown;Demos:WHDLOAD/OCS/P/PsygnosisMusicPictureDisc/psygnosismusicpicturedisc.slave;0;0;0;0
0;Project Beat;Unknown;Demos:WHDLOAD/OCS/P/ProjectBeat/projectbeat.slave;0;0;0;0
0;Psychic;Unknown;Demos:WHDLOAD/OCS/P/Psychic/psychic.slave;0;0;0;0
0;Prism;Unknown;Demos:WHDLOAD/OCS/P/Prism/prism.slave;0;0;0;0
0;Panic Voices Of Energy;Unknown;Demos:WHDLOAD/OCS/P/PanicVoicesOfEnergy/panicvoicesofenergy.slave;0;0;0;0
0;Playbyte Commercial;Unknown;Demos:WHDLOAD/OCS/P/PlaybyteCommercial/playbytecommercial.slave;0;0;0;0
0;Power and Agony;Unknown;Demos:WHDLOAD/OCS/P/PowerAndAgony/powerandagony.slave;0;0;0;0
0;Pack van Pee #1;Unknown;Demos:WHDLOAD/OCS/P/PackVanPee1/packvanpee1.slave;0;0;0;0
0;Puggs in Space;Unknown;Demos:WHDLOAD/OCS/P/PuggsInSpace/puggsinspace.slave;0;0;0;0
0;Plastic Passion;Unknown;Demos:WHDLOAD/OCS/P/PlasticPassion/plasticpassion.slave;0;0;0;0
0;Purple;Unknown;Demos:WHDLOAD/OCS/P/Purple/purple.slave;0;0;0;0
0;Pack van Pee #3;Unknown;Demos:WHDLOAD/OCS/P/PackVanPee3/packvanpee3.slave;0;0;0;0
0;Pastel Vanilla;Unknown;Demos:WHDLOAD/OCS/P/PastelVanilla/pastelvanilla.slave;0;0;0;0
0;ProSIAK;Unknown;Demos:WHDLOAD/OCS/P/ProSIAK/prosiak.slave;0;0;0;0
0;The Pink Circle;Unknown;Demos:WHDLOAD/OCS/P/PinkCircle/pinkcircle.slave;0;0;0;0
0;Project Techno;Unknown;Demos:WHDLOAD/OCS/P/ProjectTechno/projecttechno.slave;0;0;0;0
0;Paralytic Noises;Unknown;Demos:WHDLOAD/OCS/P/ParalyticNoises/paralyticnoises.slave;0;0;0;0
0;Melodies;Unknown;Demos:WHDLOAD/OCS/M/Melodies/melodies.slave;0;0;0;0
0;MusicDisk 3;Unknown;Demos:WHDLOAD/OCS/M/MusicDisk3DMob/musicdisk3dmob.slave;0;0;0;0
0;Music Dream 2;Unknown;Demos:WHDLOAD/OCS/M/MusicDream2/musicdream2.slave;0;0;0;0
0;Music Dream;Unknown;Demos:WHDLOAD/OCS/M/MusicDream1/musicdream1.slave;0;0;0;0
0;Megademo4Vision;Unknown;Demos:WHDLOAD/OCS/M/Megademo4Vision/megademo4vision.slave;0;0;0;0
0;Megademo;Unknown;Demos:WHDLOAD/OCS/M/MegademoPossessed/megademopossessed.slave;0;0;0;0
0;Music Disk 2;Unknown;Demos:WHDLOAD/OCS/M/MusicDisk2Vega/musicdisk2vega.slave;0;0;0;0
0;Music Disk;Unknown;Demos:WHDLOAD/OCS/M/MusicDiskAspect&Orix/musicdiskaspect&orix.slave;0;0;0;0
0;Muzzax 6;Unknown;Demos:WHDLOAD/OCS/M/Muzzax6/muzzax6.slave;0;0;0;0
0;Megademo Alt;Unknown;Demos:WHDLOAD/OCS/M/MegademoVision/megademovision.slave;0;0;0;0
0;Megademo Alt Alt;Unknown;Demos:WHDLOAD/OCS/M/MegademoRoyalAmigaForce/megademoroyalamigaforce.slave;0;0;0;0
0;Megademo Alt Alt Alt;Unknown;Demos:WHDLOAD/OCS/M/MegademoGoldfire/megademogoldfire.slave;0;0;0;0
0;Megademo 2;Unknown;Demos:WHDLOAD/OCS/M/Megademo2Alcatraz/megademo2alcatraz.slave;0;0;0;0
0;Megademo Alt Alt Alt Alt;Unknown;Demos:WHDLOAD/OCS/M/MegademoNorthStar/megademonorthstar.slave;0;0;0;0
0;Music Disk 2 Alt;Unknown;Demos:WHDLOAD/OCS/M/MusicDisk2Darkness/musicdisk2darkness.slave;0;0;0;0
0;Megademo Alt Alt Alt Alt Alt;Unknown;Demos:WHDLOAD/OCS/M/MegademoPowerslaves/megademopowerslaves.slave;0;0;0;0
0;Mini Soundbox 2;Unknown;Demos:WHDLOAD/OCS/M/MiniSoundbox2/minisoundbox2.slave;0;0;0;0
0;Magnetic Dreams;Unknown;Demos:WHDLOAD/OCS/M/MagneticDreams/magneticdreams.slave;0;0;0;0
0;Music Collection 4;Unknown;Demos:WHDLOAD/OCS/M/MusicCollection4Zarch/musiccollection4zarch.slave;0;0;0;0
0;Music Rip #2;Unknown;Demos:WHDLOAD/OCS/M/MusicRip2/musicrip2.slave;0;0;0;0
0;Megademo Alt Alt Alt Alt Alt Alt;Unknown;Demos:WHDLOAD/OCS/M/MegademoPredators/megademopredators.slave;0;0;0;0
0;Megademo 3;Unknown;Demos:WHDLOAD/OCS/M/Megademo3Alcatraz/megademo3alcatraz.slave;0;0;0;0
0;Megademo Alt Alt Alt Alt Alt Alt Alt;Unknown;Demos:WHDLOAD/OCS/M/MegademoKatharsis/megademokatharsis.slave;0;0;0;0
0;Music Disk Alt;Unknown;Demos:WHDLOAD/OCS/M/MusicDiskCryptic/musicdiskcryptic.slave;0;0;0;0
0;Megademo 6 (Demo Disk 6);Unknown;Demos:WHDLOAD/OCS/M/Megademo6Kefrens/megademo6kefrens.slave;0;0;0;0
0;Mixolydian;Unknown;Demos:WHDLOAD/OCS/M/Mixolydian/mixolydian.slave;0;0;0;0
0;My Room;Unknown;Demos:WHDLOAD/OCS/M/MyRoom/myroom.slave;0;0;0;0
0;Maximum Overdrive 2;Unknown;Demos:WHDLOAD/OCS/M/MaximumOverdrive2/maximumoverdrive2.slave;0;0;0;0
0;Music Disk Alt Alt;Unknown;Demos:WHDLOAD/OCS/M/MusicDiskDreamscape/musicdiskdreamscape.slave;0;0;0;0
0;Music Collection;Unknown;Demos:WHDLOAD/OCS/M/MusicCollectionExocet/musiccollectionexocet.slave;0;0;0;0
0;Megademo Alt Alt Alt Alt Alt Alt Alt Alt;Unknown;Demos:WHDLOAD/OCS/M/MegademoJoy&MGF&TJC/megademojoy&mgf&tjc.slave;0;0;0;0
0;Moin Jungs;Unknown;Demos:WHDLOAD/OCS/M/MoinJungs/moinjungs.slave;0;0;0;0
0;Muzzax 1;Unknown;Demos:WHDLOAD/OCS/M/Muzzax1/muzzax1.slave;0;0;0;0
0;Muzaks Disk 1;Unknown;Demos:WHDLOAD/OCS/M/MuzaksDisk1/muzaksdisk1.slave;0;0;0;0
0;Monoxide;Unknown;Demos:WHDLOAD/OCS/M/Monoxide/monoxide.slave;0;0;0;0
0;-< M A D N E S S >-;Unknown;Demos:WHDLOAD/OCS/M/Madness/madness.slave;0;0;0;0
0;Maximum Velocity;Unknown;Demos:WHDLOAD/OCS/M/MaximumVelocity/maximumvelocity.slave;0;0;0;0
0;Music Disk 2 Alt Alt;Unknown;Demos:WHDLOAD/OCS/M/MusicDisk2IKS/musicdisk2iks.slave;0;0;0;0
0;Megademo Alt Alt Alt Alt Alt Alt Alt Alt Alt;Unknown;Demos:WHDLOAD/OCS/M/MegademoAlcatraz/megademoalcatraz.slave;0;0;0;0
0;Music Collection Alt;Unknown;Demos:WHDLOAD/OCS/M/MusicCollectionKatharsis/musiccollectionkatharsis.slave;0;0;0;0
0;Music Demo;Unknown;Demos:WHDLOAD/OCS/M/MusicDemoDeform/musicdemodeform.slave;0;0;0;0
0;Megademo Alt Alt Alt Alt Alt Alt Alt Alt Alt Alt;Unknown;Demos:WHDLOAD/OCS/M/MegademoDexion/megademodexion.slave;0;0;0;0
0;Red Sector Megademo;Unknown;Demos:WHDLOAD/OCS/M/MegademoRedSectorInc/megademoredsectorinc.slave;0;0;0;0
0;Megablast;Unknown;Demos:WHDLOAD/OCS/M/Megablast/megablast.slave;0;0;0;0
0;Megademo Alt Alt Alt Alt Alt Alt Alt Alt Alt Alt Alt;Unknown;Demos:WHDLOAD/OCS/M/MegademoVermin/megademovermin.slave;0;0;0;0
0;Metal & Lace ;Unknown;Demos:WHDLOAD/OCS/M/Metal&Lace/metal&lace.slave;0;0;0;0
0;Megademo Alt Alt Alt Alt Alt Alt Alt Alt Alt Alt Alt Alt;Unknown;Demos:WHDLOAD/OCS/M/MegademoFreedomForce/megademofreedomforce.slave;0;0;0;0
0;Megademo Alt Alt Alt Alt Alt Alt Alt Alt Alt Alt Alt Alt Alt;Unknown;Demos:WHDLOAD/OCS/M/MegademoVortex42/megademovortex42.slave;0;0;0;0
0;Megademo 8;Unknown;Demos:WHDLOAD/OCS/M/Megademo8Kefrens/megademo8kefrens.slave;0;0;0;0
0;Materialized;Unknown;Demos:WHDLOAD/OCS/M/Materialized/materialized.slave;0;0;0;0
0;Megademo Alt Alt Alt Alt Alt Alt Alt Alt Alt Alt Alt Alt Alt Alt;Unknown;Demos:WHDLOAD/OCS/M/MegademoSOS/megademosos.slave;0;0;0;0
0;Music Disk Alt Alt Alt;Unknown;Demos:WHDLOAD/OCS/M/MusicDiskInzzest/musicdiskinzzest.slave;0;0;0;0
0;Music Party 1990;Unknown;Demos:WHDLOAD/OCS/M/MusicParty1990/musicparty1990.slave;0;0;0;0
0;Muscial Rabbit;Unknown;Demos:WHDLOAD/OCS/M/MusicalRabbit/musicalrabbit.slave;0;0;0;0
0;Megademo Alt Alt Alt Alt Alt Alt Alt Alt Alt Alt Alt Alt Alt Alt Alt;Unknown;Demos:WHDLOAD/OCS/M/MegademoBass/megademobass.slave;0;0;0;0
0;Music Disk Alt Alt Alt Alt;Unknown;Demos:WHDLOAD/OCS/M/MusicDiskIpecElite/musicdiskipecelite.slave;0;0;0;0
0;Mega Mix 2;Unknown;Demos:WHDLOAD/OCS/M/MegaMix2/megamix2.slave;0;0;0;0
0;Budbrain Megademo 2;Unknown;Demos:WHDLOAD/OCS/M/Megademo2Budbrain/megademo2budbrain.slave;0;0;0;0
0;Musabox 2;Unknown;Demos:WHDLOAD/OCS/M/Musabox2/musabox2.slave;0;0;0;0
0;Megademo 2 Alt;Unknown;Demos:WHDLOAD/OCS/M/Megademo2Scoopex/megademo2scoopex.slave;0;0;0;0
0;Musicbox;Unknown;Demos:WHDLOAD/OCS/M/MusicBoxExodus/musicboxexodus.slave;0;0;0;0
0;Mega Mix 1;Unknown;Demos:WHDLOAD/OCS/M/MegaMix1/megamix1.slave;0;0;0;0
0;Music Rip #3;Unknown;Demos:WHDLOAD/OCS/M/MusicRip3/musicrip3.slave;0;0;0;0
0;Miracle Sounds 1;Unknown;Demos:WHDLOAD/OCS/M/MiracleSounds1/miraclesounds1.slave;0;0;0;0
0;Megademo II;Unknown;Demos:WHDLOAD/OCS/M/Megademo2Rebels/megademo2rebels.slave;0;0;0;0
0;Megademo Alt Alt Alt Alt Alt Alt Alt Alt Alt Alt Alt Alt Alt Alt Alt Alt;Unknown;Demos:WHDLOAD/OCS/M/MegademoIt/megademoit.slave;0;0;0;0
0;Madness II: The Search for Sanity;Unknown;Demos:WHDLOAD/OCS/M/Madness2/madness2.slave;0;0;0;0
0;Megademo Alt Alt Alt Alt Alt Alt Alt Alt Alt Alt Alt Alt Alt Alt Alt Alt Alt;Unknown;Demos:WHDLOAD/OCS/M/MegademoDarkness/megademodarkness.slave;0;0;0;0
0;Marchewki;Unknown;Demos:WHDLOAD/OCS/M/Marchewki/marchewki.slave;0;0;0;0
0;Muzzax 3;Unknown;Demos:WHDLOAD/OCS/M/Muzzax3/muzzax3.slave;0;0;0;0
0;Megademo Alt Alt Alt Alt Alt Alt Alt Alt Alt Alt Alt Alt Alt Alt Alt Alt Alt Alt;Unknown;Demos:WHDLOAD/OCS/M/MegademoAcme/megademoacme.slave;0;0;0;0
0;Musication;Unknown;Demos:WHDLOAD/OCS/M/Musication/musication.slave;0;0;0;0
0;Megademo Alt Alt Alt Alt Alt Alt Alt Alt Alt Alt Alt Alt Alt Alt Alt Alt Alt Alt Alt;Unknown;Demos:WHDLOAD/OCS/M/MusicDisk6RamJam/musicdisk6ramjam.slave;0;0;0;0
0;Music Disk Alt Alt Alt Alt Alt;Unknown;Demos:WHDLOAD/OCS/M/MusicDiskEscape/musicdiskescape.slave;0;0;0;0
0;Megademo 2 - Illemmings;Unknown;Demos:WHDLOAD/OCS/M/Megademo2Bronx/megademo2bronx.slave;0;0;0;0
0;-< M E S M E R I Z E D >-;Unknown;Demos:WHDLOAD/OCS/M/Mesmerized/mesmerized.slave;0;0;0;0
0;Sunwind;Unknown;Demos:WHDLOAD/OCS/M/MusiqueDisk/musiquedisk.slave;0;0;0;0
0;Music Disk Alt Alt Alt Alt Alt Alt;Unknown;Demos:WHDLOAD/OCS/M/MusicDiskArmada&It/musicdiskarmada&it.slave;0;0;0;0
0;Megademo Alt Alt Alt Alt Alt Alt Alt Alt Alt Alt Alt Alt Alt Alt Alt Alt Alt Alt Alt Alt;Unknown;Demos:WHDLOAD/OCS/M/MegademoPseudoPlast/megademopseudoplast.slave;0;0;0;0
0;Megademo Alt Alt Alt Alt Alt Alt Alt Alt Alt Alt Alt Alt Alt Alt Alt Alt Alt Alt Alt Alt Alt;Unknown;Demos:WHDLOAD/OCS/M/MegademoTheLink/megademothelink.slave;0;0;0;0
0;Megademo II Alt;Unknown;Demos:WHDLOAD/OCS/M/Megademo2Disorder/megademo2disorder.slave;0;0;0;0
0;Music Compilation ;Unknown;Demos:WHDLOAD/OCS/M/MusicCompilation/musiccompilation.slave;0;0;0;0
0;Morbid Visions 3;Unknown;Demos:WHDLOAD/OCS/M/MorbidVisions3/morbidvisions3.slave;0;0;0;0
0;Mega Mix 3;Unknown;Demos:WHDLOAD/OCS/M/MegaMix3/megamix3.slave;0;0;0;0
0;Music for Fools;Unknown;Demos:WHDLOAD/OCS/M/MusicForFools/musicforfools.slave;0;0;0;0
0;Psychotic (Megademo);Unknown;Demos:WHDLOAD/OCS/M/MegademoBudbrain/megademobudbrain.slave;0;0;0;0
0;Mini Soundbox 1;Unknown;Demos:WHDLOAD/OCS/M/MiniSoundbox1/minisoundbox1.slave;0;0;0;0
0;Music Disk Alt Alt Alt Alt Alt Alt Alt;Unknown;Demos:WHDLOAD/OCS/M/MusicDiskThrust/musicdiskthrust.slave;0;0;0;0
0;Music Disc Vol. 1;Unknown;Demos:WHDLOAD/OCS/M/MusicDiscVol1DiskNet/musicdiscvol1disknet.slave;0;0;0;0
0;Music Disk 2 Alt Alt Alt;Unknown;Demos:WHDLOAD/OCS/M/MusicDisk2Elite/musicdisk2elite.slave;0;0;0;0
0;Muzzax 2;Unknown;Demos:WHDLOAD/OCS/M/Muzzax2/muzzax2.slave;0;0;0;0
0;Musics 3;Unknown;Demos:WHDLOAD/OCS/M/Musics3/musics3.slave;0;0;0;0
0;Mirror;Unknown;Demos:WHDLOAD/OCS/M/Mirror/mirror.slave;0;0;0;0
0;Music Disk 1;Unknown;Demos:WHDLOAD/OCS/M/MusicDisk1Alcatraz/musicdisk1alcatraz.slave;0;0;0;0
0;Musabox;Unknown;Demos:WHDLOAD/OCS/M/Musabox/musabox.slave;0;0;0;0
0;Megademo 4 (Demo Disk 4);Unknown;Demos:WHDLOAD/OCS/M/Megademo4Kefrens&7UpCrew/megademo4kefrens&7upcrew.slave;0;0;0;0
0;Morbid Visions 2;Unknown;Demos:WHDLOAD/OCS/M/MorbidVisions2/morbidvisions2.slave;0;0;0;0
0;Megademo I;Unknown;Demos:WHDLOAD/OCS/M/MegademoDragons/megademodragons.slave;0;0;0;0
0;Music Thingy;Unknown;Demos:WHDLOAD/OCS/M/MusicThingy/musicthingy.slave;0;0;0;0
0;Mega Trax Vol. 1;Unknown;Demos:WHDLOAD/OCS/M/MegaTraxVol1/megatraxvol1.slave;0;0;0;0
0;Masterpieces;Unknown;Demos:WHDLOAD/OCS/M/Masterpieces/masterpieces.slave;0;0;0;0
0;Megademo 2 Alt Alt;Unknown;Demos:WHDLOAD/OCS/M/Megademo2Darkness/megademo2darkness.slave;0;0;0;0
0;Morbid Visions;Unknown;Demos:WHDLOAD/OCS/M/MorbidVisions/morbidvisions.slave;0;0;0;0
0;Megademo Alt Alt Alt Alt Alt Alt Alt Alt Alt Alt Alt Alt Alt Alt Alt Alt Alt Alt Alt Alt Alt Alt;Unknown;Demos:WHDLOAD/OCS/M/MegademoStaticBytes/megademostaticbytes.slave;0;0;0;0
0;Mini Soundbox 3;Unknown;Demos:WHDLOAD/OCS/M/MiniSoundbox3/minisoundbox3.slave;0;0;0;0
0;Memorial Songs;Unknown;Demos:WHDLOAD/OCS/M/MemorialSongs/memorialsongs.slave;0;0;0;0
0;Music Disk Alt Alt Alt Alt Alt Alt Alt Alt;Unknown;Demos:WHDLOAD/OCS/M/MusicDiskActionForce/musicdiskactionforce.slave;0;0;0;0
0;Mini Megademo;Unknown;Demos:WHDLOAD/OCS/M/MiniMegademoDoom/minimegademodoom.slave;0;0;0;0
0;Music With A Message;Unknown;Demos:WHDLOAD/OCS/M/MusicWithAMessage/musicwithamessage.slave;0;0;0;0
0;Music Madness;Unknown;Demos:WHDLOAD/OCS/M/MusicMadness/musicmadness.slave;0;0;0;0
0;Music Disk 4;Unknown;Demos:WHDLOAD/OCS/M/MusicDisk4Vega/musicdisk4vega.slave;0;0;0;0
0;Megademo Alt Alt Alt Alt Alt Alt Alt Alt Alt Alt Alt Alt Alt Alt Alt Alt Alt Alt Alt Alt Alt Alt Alt;Unknown;Demos:WHDLOAD/OCS/M/MegademoUnitedForces/megademounitedforces.slave;0;0;0;0
0;Megademo Alt Alt Alt Alt Alt Alt Alt Alt Alt Alt Alt Alt Alt Alt Alt Alt Alt Alt Alt Alt Alt Alt Alt Alt;Unknown;Demos:WHDLOAD/OCS/M/MegademoBeastieBoys/megademobeastieboys.slave;0;0;0;0
0;Multi Megamix III;Unknown;Demos:WHDLOAD/OCS/M/MultiMegamix3/multimegamix3.slave;0;0;0;0
0;Megademo Alt Alt Alt Alt Alt Alt Alt Alt Alt Alt Alt Alt Alt Alt Alt Alt Alt Alt Alt Alt Alt Alt Alt Alt Alt;Unknown;Demos:WHDLOAD/OCS/M/MegademoDeathstar/megademodeathstar.slave;0;0;0;0
0;Music Selector;Unknown;Demos:WHDLOAD/OCS/M/MusicSelector/musicselector.slave;0;0;0;0
0;Muzzax 7 - Turtle's Mastertracks;Unknown;Demos:WHDLOAD/OCS/M/Muzzax7/muzzax7.slave;0;0;0;0
0;Megademo Alt Alt Alt Alt Alt Alt Alt Alt Alt Alt Alt Alt Alt Alt Alt Alt Alt Alt Alt Alt Alt Alt Alt Alt Alt Alt;Unknown;Demos:WHDLOAD/OCS/M/MegademoMadMonks/megademomadmonks.slave;0;0;0;0
0;Music Disk 1 Alt;Unknown;Demos:WHDLOAD/OCS/M/MusicDisk1Mahoney&Kaktus/musicdisk1mahoney&kaktus.slave;0;0;0;0
0;Megademo 2 Alt Alt Alt;Unknown;Demos:WHDLOAD/OCS/M/Megademo2Dexion/megademo2dexion.slave;0;0;0;0
0;Megademo Alt Alt Alt Alt Alt Alt Alt Alt Alt Alt Alt Alt Alt Alt Alt Alt Alt Alt Alt Alt Alt Alt Alt Alt Alt Alt Alt;Unknown;Demos:WHDLOAD/OCS/M/MegademoManowar/megademomanowar.slave;0;0;0;0
0;Music Disk Alt Alt Alt Alt Alt Alt Alt Alt Alt;Unknown;Demos:WHDLOAD/OCS/M/MusicDisk1FantasyForce/musicdisk1fantasyforce.slave;0;0;0;0
0;Megademo Alt Alt Alt Alt Alt Alt Alt Alt Alt Alt Alt Alt Alt Alt Alt Alt Alt Alt Alt Alt Alt Alt Alt Alt Alt Alt Alt Alt;Unknown;Demos:WHDLOAD/OCS/M/MegademoPhenomena/megademophenomena.slave;0;0;0;0
0;Muzzax 4;Unknown;Demos:WHDLOAD/OCS/M/Muzzax4/muzzax4.slave;0;0;0;0
0;Music Disk Alt Alt Alt Alt Alt Alt Alt Alt Alt Alt;Unknown;Demos:WHDLOAD/OCS/M/MusicDiskDexion/musicdiskdexion.slave;0;0;0;0
0;Mean Break Machine 2;Unknown;Demos:WHDLOAD/OCS/M/MeanBreakMachine2/meanbreakmachine2.slave;0;0;0;0
0;Megademo 7;Unknown;Demos:WHDLOAD/OCS/M/Megademo7Kefrens/megademo7kefrens.slave;0;0;0;0
0;Music Disk 1 Alt Alt;Unknown;Demos:WHDLOAD/OCS/M/MusicDisk1Bass/musicdisk1bass.slave;0;0;0;0
0;Musicbox 3;Unknown;Demos:WHDLOAD/OCS/M/Musicbox3/musicbox3.slave;0;0;0;0
0;Megademo Alt Alt Alt Alt Alt Alt Alt Alt Alt Alt Alt Alt Alt Alt Alt Alt Alt Alt Alt Alt Alt Alt Alt Alt Alt Alt Alt Alt Alt;Unknown;Demos:WHDLOAD/OCS/M/MegademoExcellence/megademoexcellence.slave;0;0;0;0
0;Music Madness 2;Unknown;Demos:WHDLOAD/OCS/M/MusicMadness2/musicmadness2.slave;0;0;0;0
0;Musicland;Unknown;Demos:WHDLOAD/OCS/M/Musicland/musicland.slave;0;0;0;0
0;Megademo Alt Alt Alt Alt Alt Alt Alt Alt Alt Alt Alt Alt Alt Alt Alt Alt Alt Alt Alt Alt Alt Alt Alt Alt Alt Alt Alt Alt Alt Alt;Unknown;Demos:WHDLOAD/OCS/M/Megademo2Vortex42/megademo2vortex42.slave;0;0;0;0
0;Manic Raves 2;Unknown;Demos:WHDLOAD/OCS/M/ManicRaves2/manicraves2.slave;0;0;0;0
0;Megademo Alt Alt Alt Alt Alt Alt Alt Alt Alt Alt Alt Alt Alt Alt Alt Alt Alt Alt Alt Alt Alt Alt Alt Alt Alt Alt Alt Alt Alt Alt Alt;Unknown;Demos:WHDLOAD/OCS/M/MegademoHumanoids/megademohumanoids.slave;0;0;0;0
0;Megademo 5;Unknown;Demos:WHDLOAD/OCS/M/Megademo5Kefrens/megademo5kefrens.slave;0;0;0;0
0;Music Box;Unknown;Demos:WHDLOAD/OCS/M/MusicBoxCopyride/musicboxcopyride.slave;0;0;0;0
0;Musical Secrets;Unknown;Demos:WHDLOAD/OCS/M/MusicalSecrets/musicalsecrets.slave;0;0;0;0
0;Megademo 2 Alt Alt Alt Alt;Unknown;Demos:WHDLOAD/OCS/M/Megademo2Vision/megademo2vision.slave;0;0;0;0
0;More Than Music;Unknown;Demos:WHDLOAD/OCS/M/MoreThanMusic/morethanmusic.slave;0;0;0;0
0;Megademo Alt Alt Alt Alt Alt Alt Alt Alt Alt Alt Alt Alt Alt Alt Alt Alt Alt Alt Alt Alt Alt Alt Alt Alt Alt Alt Alt Alt Alt Alt Alt Alt;Unknown;Demos:WHDLOAD/OCS/M/MegademoDigitech&IBB/megademodigitech&ibb.slave;0;0;0;0
0;Muzak Compacting 1;Unknown;Demos:WHDLOAD/OCS/M/MuzakCompacting1/muzakcompacting1.slave;0;0;0;0
0;Maxx-Party;Unknown;Demos:WHDLOAD/OCS/M/MaxxParty/maxxparty.slave;0;0;0;0
0;Megademo 2 Alt Alt Alt Alt Alt;Unknown;Demos:WHDLOAD/OCS/M/Megademo2Bass/megademo2bass.slave;0;0;0;0
0;Music Disk 1 Alt Alt Alt;Unknown;Demos:WHDLOAD/OCS/M/MusicDisk1Vega/musicdisk1vega.slave;0;0;0;0
0;Magnum Icetro;Unknown;Demos:WHDLOAD/OCS/M/MagnumIcetro/magnumicetro.slave;0;0;0;0
0;Avenger Megademo;Unknown;Demos:WHDLOAD/OCS/M/MegademoAvenger/megademoavenger.slave;0;0;0;0
0;Music Megademo 2;Unknown;Demos:WHDLOAD/OCS/M/MusicMegaDemo2/musicmegademo2.slave;0;0;0;0
0;Mobile - Destination Unknown;Unknown;Demos:WHDLOAD/OCS/M/MobileDestinationUnknown/mobiledestinationunknown.slave;0;0;0;0
0;Multidemo;Unknown;Demos:WHDLOAD/OCS/M/Multidemo/multidemo.slave;0;0;0;0
0;MerryMelodies Tunes;Unknown;Demos:WHDLOAD/OCS/M/MerryMelodies/merrymelodies.slave;0;0;0;0
0;Megademo 2 Alt Alt Alt Alt Alt Alt;Unknown;Demos:WHDLOAD/OCS/M/Megademo2Megaforce/megademo2megaforce.slave;0;0;0;0
0;Mental Hangover;Unknown;Demos:WHDLOAD/OCS/M/MentalHangover/mentalhangover.slave;0;0;0;0
0;Music Disk 1 Alt Alt Alt Alt;Unknown;Demos:WHDLOAD/OCS/M/MusicDisk181stTrack/musicdisk181sttrack.slave;0;0;0;0
0;Multi Megamix;Unknown;Demos:WHDLOAD/OCS/M/MultiMegamix/multimegamix.slave;0;0;0;0
0;Music Disk 2 Alt Alt Alt Alt;Unknown;Demos:WHDLOAD/OCS/M/MusicDisk281stTrack/musicdisk281sttrack.slave;0;0;0;0
0;Museum;Unknown;Demos:WHDLOAD/OCS/M/Museum/museum.slave;0;0;0;0
0;MusicDisk 1;Unknown;Demos:WHDLOAD/OCS/M/MusicDisk1DMob/musicdisk1dmob.slave;0;0;0;0
0;Megademo Alt Alt Alt Alt Alt Alt Alt Alt Alt Alt Alt Alt Alt Alt Alt Alt Alt Alt Alt Alt Alt Alt Alt Alt Alt Alt Alt Alt Alt Alt Alt Alt Alt;Unknown;Demos:WHDLOAD/OCS/M/MegademoZeus/megademozeus.slave;0;0;0;0
0;Megademo Alt Alt Alt Alt Alt Alt Alt Alt Alt Alt Alt Alt Alt Alt Alt Alt Alt Alt Alt Alt Alt Alt Alt Alt Alt Alt Alt Alt Alt Alt Alt Alt Alt Alt;Unknown;Demos:WHDLOAD/OCS/M/MegademoCult/megademocult.slave;0;0;0;0
0;Minor Defects;Unknown;Demos:WHDLOAD/OCS/M/MinorDefects/minordefects.slave;0;0;0;0
0;Megademo Alt Alt Alt Alt Alt Alt Alt Alt Alt Alt Alt Alt Alt Alt Alt Alt Alt Alt Alt Alt Alt Alt Alt Alt Alt Alt Alt Alt Alt Alt Alt Alt Alt Alt Alt;Unknown;Demos:WHDLOAD/OCS/M/MegademoEOA/megademoeoa.slave;0;0;0;0
0;Music Compacting 2;Unknown;Demos:WHDLOAD/OCS/M/MusicCompacting2/musiccompacting2.slave;0;0;0;0
0;Mindriot;Unknown;Demos:WHDLOAD/OCS/M/MindRiot/mindriot.slave;0;0;0;0
0;Metal Melissa The Pisser;Unknown;Demos:WHDLOAD/OCS/M/MetalMelissaThePisser/metalmelissathepisser.slave;0;0;0;0
0;Multi Megamix II;Unknown;Demos:WHDLOAD/OCS/M/MultiMegamix2/multimegamix2.slave;0;0;0;0
0;Megademo Alt Alt Alt Alt Alt Alt Alt Alt Alt Alt Alt Alt Alt Alt Alt Alt Alt Alt Alt Alt Alt Alt Alt Alt Alt Alt Alt Alt Alt Alt Alt Alt Alt Alt Alt Alt;Unknown;Demos:WHDLOAD/OCS/M/MegademoScoopex/megademoscoopex.slave;0;0;0;0
0;Musicland 2;Unknown;Demos:WHDLOAD/OCS/M/Musicland2/musicland2.slave;0;0;0;0
0;Mi-cro Con-cept;Unknown;Demos:WHDLOAD/OCS/M/MicroConcept/microconcept.slave;0;0;0;0
0;Misery Dentro 2;Unknown;Demos:WHDLOAD/OCS/M/MiseryDentro2/miserydentro2.slave;0;0;0;0
0;Music Disk 1 Alt Alt Alt Alt Alt;Unknown;Demos:WHDLOAD/OCS/M/MusicDisk1IKS/musicdisk1iks.slave;0;0;0;0
0;Music Disk 1 Alt Alt Alt Alt Alt Alt;Unknown;Demos:WHDLOAD/OCS/M/MusicDisk1AdamMcCrory/musicdisk1adammccrory.slave;0;0;0;0
0;Music Disk 1 Alt Alt Alt Alt Alt Alt Alt;Unknown;Demos:WHDLOAD/OCS/M/MusicDisk1Prologic/musicdisk1prologic.slave;0;0;0;0
0;MusicDisk 4;Unknown;Demos:WHDLOAD/OCS/M/MusicDisk4DMob/musicdisk4dmob.slave;0;0;0;0
0;Music for the Lost;Unknown;Demos:WHDLOAD/OCS/M/MusicForTheLost/musicforthelost.slave;0;0;0;0
0;Megademo Alt Alt Alt Alt Alt Alt Alt Alt Alt Alt Alt Alt Alt Alt Alt Alt Alt Alt Alt Alt Alt Alt Alt Alt Alt Alt Alt Alt Alt Alt Alt Alt Alt Alt Alt Alt Alt;Unknown;Demos:WHDLOAD/OCS/M/MegademoIntuition/megademointuition.slave;0;0;0;0
0;Music Disk 2 Alt Alt Alt Alt Alt;Unknown;Demos:WHDLOAD/OCS/M/MusicDisk2/musicdisk2.slave;0;0;0;0
0;Multica;Unknown;Demos:WHDLOAD/OCS/M/Multica/multica.slave;0;0;0;0
0;Miami Vice Maxi Soundtrack;Unknown;Demos:WHDLOAD/OCS/M/MiamiViceTheme/miamivicetheme.slave;0;0;0;0
0;Megademo Alt Alt Alt Alt Alt Alt Alt Alt Alt Alt Alt Alt Alt Alt Alt Alt Alt Alt Alt Alt Alt Alt Alt Alt Alt Alt Alt Alt Alt Alt Alt Alt Alt Alt Alt Alt Alt Alt;Unknown;Demos:WHDLOAD/OCS/M/MegademoPrecise/megademoprecise.slave;0;0;0;0
0;Metamorphosis;Unknown;Demos:WHDLOAD/OCS/M/Metamorphosis/metamorphosis.slave;0;0;0;0
0;Music Disk Alt Alt Alt Alt Alt Alt Alt Alt Alt Alt Alt;Unknown;Demos:WHDLOAD/OCS/M/MusicDiskTardex/musicdisktardex.slave;0;0;0;0
0;Muzzax 5;Unknown;Demos:WHDLOAD/OCS/M/Muzzax5/muzzax5.slave;0;0;0;0
0;Megademo Alt Alt Alt Alt Alt Alt Alt Alt Alt Alt Alt Alt Alt Alt Alt Alt Alt Alt Alt Alt Alt Alt Alt Alt Alt Alt Alt Alt Alt Alt Alt Alt Alt Alt Alt Alt Alt Alt Alt;Unknown;Demos:WHDLOAD/OCS/M/MegademoMegaforce/megademomegaforce.slave;0;0;0;0
0;Maestro Jams Vol.1;Unknown;Demos:WHDLOAD/OCS/M/MaestroJamsVol1/maestrojamsvol1.slave;0;0;0;0
0;Kaos Theory;Unknown;Demos:WHDLOAD/OCS/K/KaosTheory/kaostheory.slave;0;0;0;0
0;Kuglepolen;Unknown;Demos:WHDLOAD/OCS/K/Kuglepoelen/kuglepoelen.slave;0;0;0;0
0;Kiwi Crap;Unknown;Demos:WHDLOAD/OCS/K/KiwiCrap/kiwicrap.slave;0;0;0;0
0;Krest Mass Leftovers;Unknown;Demos:WHDLOAD/OCS/K/KrestMassLeftovers/krestmassleftovers.slave;0;0;0;0
0;Kefmania;Unknown;Demos:WHDLOAD/OCS/K/Kefmania/kefmania.slave;0;0;0;0
0;Kakburk;Unknown;Demos:WHDLOAD/OCS/K/Kakburk/kakburk.slave;0;0;0;0
0;Kerygma;Unknown;Demos:WHDLOAD/OCS/K/Kerygma/kerygma.slave;0;0;0;0
0;Groovy Jives 3;Unknown;Demos:WHDLOAD/OCS/G/GroovyJives3/groovyjives3.slave;0;0;0;0
0;Gladiator Music;Unknown;Demos:WHDLOAD/OCS/G/GladiatorMusic/gladiatormusic.slave;0;0;0;0
0;Gen4 Demo;Unknown;Demos:WHDLOAD/OCS/G/Gen4Demo/gen4demo.slave;0;0;0;0
0;Groovy;Unknown;Demos:WHDLOAD/OCS/G/Groovy/groovy.slave;0;0;0;0
0;Greatest Hits;Unknown;Demos:WHDLOAD/OCS/G/GreatestHits/greatesthits.slave;0;0;0;0
0;Greatest Bits 2;Unknown;Demos:WHDLOAD/OCS/G/GreatestBits2/greatestbits2.slave;0;0;0;0
0;Gloom Party Invitation;Unknown;Demos:WHDLOAD/OCS/G/GloomPartyInvitation/gloompartyinvitation.slave;0;0;0;0
0;Gathering '93 Slideshow;Unknown;Demos:WHDLOAD/OCS/G/Gathering93Slideshow/gathering93slideshow.slave;0;0;0;0
0;Gigademo 3;Unknown;Demos:WHDLOAD/OCS/G/GigaDemo3/gigademo3.slave;0;0;0;0
0;Gathering'91 Slideshow;Unknown;Demos:WHDLOAD/OCS/G/Gathering91Slideshow/gathering91slideshow.slave;0;0;0;0
0;Go for the Record;Unknown;Demos:WHDLOAD/OCS/G/GoForTheRecord/gofortherecord.slave;0;0;0;0
0;Global Trash;Unknown;Demos:WHDLOAD/OCS/G/GlobalTrash/globaltrash.slave;0;0;0;0
0;Grapevine Megamix;Unknown;Demos:WHDLOAD/OCS/G/GrapevineMegamix/grapevinemegamix.slave;0;0;0;0
0;Great Bytes in Fire;Unknown;Demos:WHDLOAD/OCS/G/GreatBytesInFire/greatbytesinfire.slave;0;0;0;0
0;GuardianDragon;Unknown;Demos:WHDLOAD/OCS/G/GuardianDragon/guardiandragon.slave;0;0;0;0
0;GuardianDragon2;Unknown;Demos:WHDLOAD/OCS/G/GuardianDragon2/guardiandragon2.slave;0;0;0;0
0;Gevalia;Unknown;Demos:WHDLOAD/OCS/G/Gevalia/gevalia.slave;0;0;0;0
0;Gate to Hell;Unknown;Demos:WHDLOAD/OCS/G/GateToHell/gatetohell.slave;0;0;0;0
0;XPose;Unknown;Demos:WHDLOAD/OCS/X/XPose/xpose.slave;0;0;0;0
0;Xenon 2 Music Rip;Unknown;Demos:WHDLOAD/OCS/X/Xenon2MusicRip/xenon2musicrip.slave;0;0;0;0
0;Quartzbox;Unknown;Demos:WHDLOAD/OCS/Q/Quartzbox/quartzbox.slave;0;0;0;0
0;Quick Musique;Unknown;Demos:WHDLOAD/OCS/Q/QuickMusique/quickmusique.slave;0;0;0;0
0;QED;Unknown;Demos:WHDLOAD/OCS/Q/QED/qed.slave;0;0;0;0
0;Jesterday;Unknown;Demos:WHDLOAD/OCS/J/Jesterday/jesterday.slave;0;0;0;0
0;Joyride;Unknown;Demos:WHDLOAD/OCS/J/Joyride/joyride.slave;0;0;0;0
0;Juggler;Unknown;Demos:WHDLOAD/OCS/J/Juggler/juggler.slave;0;0;0;0
0;Jesus on E's;Unknown;Demos:WHDLOAD/OCS/J/JesusOnEs/jesusones.slave;1;7;0;0
0;Jukebox;Unknown;Demos:WHDLOAD/OCS/J/Jukebox/jukebox.slave;0;0;0;0
0;J.O.E. Slideshow 2;Unknown;Demos:WHDLOAD/OCS/J/JOESlideshow2/joeslideshow2.slave;0;0;0;0
0;Jiggle It;Unknown;Demos:WHDLOAD/OCS/J/JiggleIt/jiggleit.slave;0;0;0;0
0;- Jehova Goes Hitech -;Unknown;Demos:WHDLOAD/OCS/J/JehovaGoesHitech/jehovagoeshitech.slave;0;0;0;0
0;Jungle Mania;Unknown;Demos:WHDLOAD/OCS/J/JungleMania/junglemania.slave;0;0;0;0
0;Just For Your Ears;Unknown;Demos:WHDLOAD/OCS/J/Just4YourEars/just4yourears.slave;0;0;0;0
0;The Jochen Hippel Sound Demo;Unknown;Demos:WHDLOAD/OCS/J/JochenHippelSoundDemo/jochenhippelsounddemo.slave;0;0;0;0
0;Universal Intensity;Unknown;Demos:WHDLOAD/OCS/U/UniversalIntensity/universalintensity.slave;0;0;0;0
0;Unleashed;Unknown;Demos:WHDLOAD/OCS/U/Unleashed/unleashed.slave;0;0;0;0
0;Unjust Sentence;Unknown;Demos:WHDLOAD/OCS/U/UnjustSentence/unjustsentence.slave;0;0;0;0
0;Ufonix;Unknown;Demos:WHDLOAD/OCS/U/Ufonix/ufonix.slave;0;0;0;0
0;Ultimate Gameboy Simulator;Unknown;Demos:WHDLOAD/OCS/U/UltimateGameBoySimulator/ultimategameboysimulator.slave;0;0;0;0
0;Unbelievable;Unknown;Demos:WHDLOAD/OCS/U/Unbelievable/unbelievable.slave;0;0;0;0
0;Oblique Infinity;Unknown;Demos:WHDLOAD/OCS/O/ObliqueInfinity/obliqueinfinity.slave;0;0;0;0
0;Our Definition of a Boombastic Demo Style;Unknown;Demos:WHDLOAD/OCS/O/OurDefOfBoombastic/ourdefofboombastic.slave;0;0;0;0
0;Overload;Unknown;Demos:WHDLOAD/OCS/O/Overload/overload.slave;0;0;0;0
0;Overload 2;Unknown;Demos:WHDLOAD/OCS/O/Overload2/overload2.slave;0;0;0;0
0;Odeon;Unknown;Demos:WHDLOAD/OCS/O/Odeon/odeon.slave;0;0;0;0
0;Odyssey;Unknown;Demos:WHDLOAD/OCS/O/Odyssey/odyssey.slave;0;0;0;0
0;One Stone;Unknown;Demos:WHDLOAD/OCS/O/OneStone/onestone.slave;0;0;0;0
0;Ody Sounds 2;Unknown;Demos:WHDLOAD/OCS/O/OdySounds2/odysounds2.slave;0;0;0;0
0;Orgasm;Unknown;Demos:WHDLOAD/OCS/O/Orgasm/orgasm.slave;0;0;0;0
0;Obvious Disaster;Unknown;Demos:WHDLOAD/OCS/O/ObviousDisaster/obviousdisaster.slave;0;0;0;0
0;Ode To Ramon;Unknown;Demos:WHDLOAD/OCS/O/OdeToRamon/odetoramon.slave;0;0;0;0
0;Old Tunes;Unknown;Demos:WHDLOAD/OCS/O/OldTunes/oldtunes.slave;0;0;0;0
0;Optical Dreams;Unknown;Demos:WHDLOAD/OCS/O/OpticalDreams/opticaldreams.slave;0;0;0;0
0;Ottifanten;Unknown;Demos:WHDLOAD/OCS/O/Ottifanten/ottifanten.slave;0;0;0;0
0;Ode To Ramon 2;Unknown;Demos:WHDLOAD/OCS/O/OdeToRamon2/odetoramon2.slave;0;0;0;0
0;Overdose;Unknown;Demos:WHDLOAD/OCS/O/Overdose/overdose.slave;0;0;0;0
0;Otti im Moni/Ottifanten 2;Unknown;Demos:WHDLOAD/OCS/O/Ottifanten2/ottifanten2.slave;0;0;0;0
0;One Day on Mars;Unknown;Demos:WHDLOAD/OCS/O/OneDayOnMars/onedayonmars.slave;0;0;0;0
0;Technomania;Unknown;Demos:WHDLOAD/OCS/T/Technomania/technomania.slave;0;0;0;0
0;Tag;Unknown;Demos:WHDLOAD/OCS/T/Tag/tag.slave;0;0;0;0
0;Taylor Dayne - Tell It to My Heart;Unknown;Demos:WHDLOAD/OCS/T/TaylorDayneTITMH/taylordaynetitmh.slave;0;0;0;0
0;Terminator;Unknown;Demos:WHDLOAD/OCS/T/Terminator/terminator.slave;0;0;0;0
0;Thalion Sound Demo;Unknown;Demos:WHDLOAD/OCS/T/ThalionSoundDemo/thalionsounddemo.slave;0;0;0;0
0; Turrican Music-Disk ;Unknown;Demos:WHDLOAD/OCS/T/TurricanMusicDisk/turricanmusicdisk.slave;0;0;0;0
0;Tuneshow III;Unknown;Demos:WHDLOAD/OCS/T/TuneShow3/tuneshow3.slave;0;0;0;0
0;Tropical Sunset;Unknown;Demos:WHDLOAD/OCS/T/TropicalSunset/tropicalsunset.slave;0;0;0;0
0;Techno Trance III;Unknown;Demos:WHDLOAD/OCS/T/TechnoTrance3/technotrance3.slave;0;0;0;0
0;Titan Trax #1;Unknown;Demos:WHDLOAD/OCS/T/TitanTrax/titantrax.slave;0;0;0;0
0;Tune disk #1;Unknown;Demos:WHDLOAD/OCS/T/TuneDisk1/tunedisk1.slave;0;0;0;0
0;Techno Trance;Unknown;Demos:WHDLOAD/OCS/T/TechnoTrance/technotrance.slave;0;0;0;0
0;Trash;Unknown;Demos:WHDLOAD/OCS/T/Trash/trash.slave;0;0;0;0
0;Turrican Music-Show;Unknown;Demos:WHDLOAD/OCS/T/TurricanMusicShow/turricanmusicshow.slave;0;0;0;0
0;Tera Tunes 2;Unknown;Demos:WHDLOAD/OCS/T/TeraTunes2/teratunes2.slave;0;0;0;0
0;Talktime #1;Unknown;Demos:WHDLOAD/OCS/T/Talktime1/talktime1.slave;0;0;0;0
0;Total Kaos;Unknown;Demos:WHDLOAD/OCS/T/TotalKaos/totalkaos.slave;0;0;0;0
0;Tera Tunes Volume 1;Unknown;Demos:WHDLOAD/OCS/T/TeraTunes/teratunes.slave;0;0;0;0
0;Technomania 2;Unknown;Demos:WHDLOAD/OCS/T/Technomania2/technomania2.slave;0;0;0;0
0;Tragic Magic;Unknown;Demos:WHDLOAD/OCS/T/TragicMagic/tragicmagic.slave;0;0;0;0
0;Tekknobert-The Final Collapse;Unknown;Demos:WHDLOAD/OCS/T/Tekknobert/tekknobert.slave;0;0;0;0
0;Toxic Ziemniak;Unknown;Demos:WHDLOAD/OCS/T/ToxicZiemniak/toxicziemniak.slave;0;0;0;0
0;Top Karaoke #1 - Inspecteur Gadget;Unknown;Demos:WHDLOAD/OCS/T/TopKaraoke1/topkaraoke1.slave;0;0;0;0
0;Tune Show 2;Unknown;Demos:WHDLOAD/OCS/T/TuneShow2/tuneshow2.slave;0;0;0;0
0;Terminal Fuckup;Unknown;Demos:WHDLOAD/OCS/T/TerminalFuckup/terminalfuckup.slave;0;0;0;0
0;Triple Breasted Whore of Eroticon 6 Alt;Unknown;Demos:WHDLOAD/OCS/T/Eroticon6/eroticon6.slave;0;0;0;0
0;Tympanic Membrane;Unknown;Demos:WHDLOAD/OCS/T/TympanicMembrane/tympanicmembrane.slave;0;0;0;0
0;TechnologicalDeath;Unknown;Demos:WHDLOAD/OCS/T/TechnologicalDeath/technologicaldeath.slave;0;0;0;0
0;Techtech;Unknown;Demos:WHDLOAD/OCS/T/Techtech/techtech.slave;0;0;0;0
0;Third Dimension;Unknown;Demos:WHDLOAD/OCS/T/ThirdDimension/thirddimension.slave;0;0;0;0
0;Turmoil;Unknown;Demos:WHDLOAD/OCS/T/Turmoil/turmoil.slave;0;0;0;0
0;Testament;Unknown;Demos:WHDLOAD/OCS/T/Testament/testament.slave;0;0;0;0
0;Trashcan;Unknown;Demos:WHDLOAD/OCS/T/Trashcan/trashcan.slave;0;0;0;0
0;Techno Warrior;Unknown;Demos:WHDLOAD/OCS/T/TechnoWarrior/technowarrior.slave;0;0;0;0
0;Rhythm Device;Unknown;Demos:WHDLOAD/OCS/R/RhythmDevice/rhythmdevice.slave;0;0;0;0
0;Route 66;Unknown;Demos:WHDLOAD/OCS/R/Route66/route66.slave;0;0;0;0
0;Real Empathy;Unknown;Demos:WHDLOAD/OCS/R/RealEmpathy/realempathy.slave;0;0;0;0
0;Rink A Dink;Unknown;Demos:WHDLOAD/OCS/R/RinkADink/rinkadink.slave;0;0;0;0
0;Raytraced Dreams;Unknown;Demos:WHDLOAD/OCS/R/RaytracedDreams/raytraceddreams.slave;0;0;0;0
0;Rampage;Unknown;Demos:WHDLOAD/OCS/R/Rampage/rampage.slave;0;0;0;0
0;Rink a Dink: REDUX;Unknown;Demos:WHDLOAD/OCS/R/RinkADinkRedux/rinkadinkredux.slave;0;0;0;0
0;Rubbish;Unknown;Demos:WHDLOAD/OCS/R/Rubbish/rubbish.slave;0;0;0;0
0;Roots 2.0;Unknown;Demos:WHDLOAD/OCS/R/Roots2/roots2.slave;0;0;0;0
0;Ray Of Hope 2;Unknown;Demos:WHDLOAD/OCS/R/RayOfHope2/rayofhope2.slave;0;0;0;0
0;Reflex;Unknown;Demos:WHDLOAD/OCS/R/Reflex/reflex.slave;0;0;0;0
0;Rock Box 2;Unknown;Demos:WHDLOAD/OCS/R/RockBox2/rockbox2.slave;0;0;0;0
0;Rolling;Unknown;Demos:WHDLOAD/OCS/R/Rolling/rolling.slave;0;0;0;0
0;Raverance;Unknown;Demos:WHDLOAD/OCS/R/Raverance/raverance.slave;0;0;0;0
0;Revenge;Unknown;Demos:WHDLOAD/OCS/R/Revenge/revenge.slave;0;0;0;0
0;Rap is Crap;Unknown;Demos:WHDLOAD/OCS/R/RapIsCrap/rapiscrap.slave;0;0;0;0
0;Rhythm Nation;Unknown;Demos:WHDLOAD/OCS/R/RhythmNation/rhythmnation.slave;0;0;0;0
0;Royal Music;Unknown;Demos:WHDLOAD/OCS/R/RoyalMusic/royalmusic.slave;0;0;0;0
0;Rainheart Project;Unknown;Demos:WHDLOAD/OCS/R/RainheartProject/rainheartproject.slave;0;0;0;0
0;Rock Box 1;Unknown;Demos:WHDLOAD/OCS/R/RockBox1/rockbox1.slave;0;0;0;0
0;Roswell;Unknown;Demos:WHDLOAD/OCS/R/Roswell/roswell.slave;0;0;0;0
0;Royal Music 2;Unknown;Demos:WHDLOAD/OCS/R/RoyalMusic2/royalmusic2.slave;0;0;0;0
0;Revolutions;Unknown;Demos:WHDLOAD/OCS/R/Revolutions/revolutions.slave;0;0;0;0
0;Ray Of Hope;Unknown;Demos:WHDLOAD/OCS/R/RayOfHope/rayofhope.slave;0;0;0;0
0;The White Room;Unknown;Demos:WHDLOAD/OCS/W/WhiteRoom/whiteroom.slave;0;0;0;0
0;World's Wave 3;Unknown;Demos:WHDLOAD/OCS/W/WorldsWave3/worldswave3.slave;0;0;0;0
0;Wind it up - Megamix 93;Unknown;Demos:WHDLOAD/OCS/W/WindItUp/winditup.slave;0;0;0;0
0;World's Wave 2;Unknown;Demos:WHDLOAD/OCS/W/WorldsWave2/worldswave2.slave;0;0;0;0
0;Wibbly Wobbly;Unknown;Demos:WHDLOAD/OCS/W/WibblyWobbly/wibblywobbly.slave;0;0;0;0
0;Waterproof;Unknown;Demos:WHDLOAD/OCS/W/Waterproof/waterproof.slave;0;0;0;0
0;Wave Sound;Unknown;Demos:WHDLOAD/OCS/W/WaveSound/wavesound.slave;0;0;0;0
0;World's Wave;Unknown;Demos:WHDLOAD/OCS/W/WorldsWave/worldswave.slave;0;0;0;0
0;World Of Commodore;Unknown;Demos:WHDLOAD/OCS/W/WorldOfCommodoreAltVer/worldofcommodorealtver.slave;0;0;0;0
0;The Wall;Unknown;Demos:WHDLOAD/OCS/W/WallSplit/wallsplit.slave;0;0;0;0
0;World Of Commodore Alt;Unknown;Demos:WHDLOAD/OCS/W/WorldOfCommodore/worldofcommodore.slave;0;0;0;0
0;World of Noise 1;Unknown;Demos:WHDLOAD/OCS/W/WorldOfNoise1/worldofnoise1.slave;0;0;0;0
0;We Will Smash You;Unknown;Demos:WHDLOAD/OCS/W/WeWillSmashYou/wewillsmashyou.slave;0;0;0;0
0;Walkman Music;Unknown;Demos:WHDLOAD/OCS/W/WalkmanMusic/walkmanmusic.slave;0;0;0;0
0;With Vectors To Heaven;Unknown;Demos:WHDLOAD/OCS/W/WithVectorsToHeaven/withvectorstoheaven.slave;0;0;0;0
0;Wayfarer;Unknown;Demos:WHDLOAD/OCS/W/Wayfarer/wayfarer.slave;0;0;0;0
0;Waterproof Alt;Unknown;Demos:WHDLOAD/OCS/W/WaterproofFixed/waterprooffixed.slave;0;0;0;0
0;The Wall Alt;Unknown;Demos:WHDLOAD/OCS/W/WallKefrens/wallkefrens.slave;0;0;0;0
0;Wicked Sensation;Unknown;Demos:WHDLOAD/OCS/W/WickedSensation/wickedsensation.slave;0;1;0;0
0;World's Wave 4;Unknown;Demos:WHDLOAD/OCS/W/WorldsWave4/worldswave4.slave;0;0;0;0
0;Hardwired;Unknown;Demos:WHDLOAD/OCS/H/Hardwired/hardwired.slave;0;0;0;0
0;Hot Music #3;Unknown;Demos:WHDLOAD/OCS/H/HotMusic3/hotmusic3.slave;0;0;0;0
0;Hardcore;Unknown;Demos:WHDLOAD/OCS/H/Hardcore/hardcore.slave;0;0;0;0
0;How2SkinACat;Unknown;Demos:WHDLOAD/OCS/H/How2SkinACat/how2skinacat.slave;0;0;0;0
0;Hot Music 4;Unknown;Demos:WHDLOAD/OCS/H/HotMusic4/hotmusic4.slave;0;0;0;0
0;Hexadecimal Perfection;Unknown;Demos:WHDLOAD/OCS/H/HexadecimalPerfection/hexadecimalperfection.slave;0;0;0;0
0;Hit Collection 1;Unknown;Demos:WHDLOAD/OCS/H/HitCollection1/hitcollection1.slave;0;0;0;0
0;Human Target;Unknown;Demos:WHDLOAD/OCS/H/HumanTarget/humantarget.slave;0;0;0;0
0;Hail the Engineer;Unknown;Demos:WHDLOAD/OCS/H/HailTheEngineer/hailtheengineer.slave;0;0;0;0
0;House Music Disk;Unknown;Demos:WHDLOAD/OCS/H/HouseMusic/housemusic.slave;0;0;0;0
0;Highway 1930;Unknown;Demos:WHDLOAD/OCS/H/Highway1930/highway1930.slave;0;0;0;0
0;Hammer;Unknown;Demos:WHDLOAD/OCS/H/Hammer/hammer.slave;0;0;0;0
0;Hot Music #1;Unknown;Demos:WHDLOAD/OCS/H/HotMusic1/hotmusic1.slave;0;0;0;0
0;Hit the Road;Unknown;Demos:WHDLOAD/OCS/H/HitTheRoad/hittheroad.slave;0;0;0;0
0;HisMastersNoise;Unknown;Demos:WHDLOAD/OCS/H/HisMastersNoise/hismastersnoise.slave;0;0;0;0
0;Megademo Alt Alt Alt Alt Alt Alt Alt Alt Alt Alt Alt Alt Alt Alt Alt Alt Alt Alt Alt Alt Alt Alt Alt Alt Alt Alt Alt Alt Alt Alt Alt Alt Alt Alt Alt Alt Alt Alt Alt Alt;Unknown;Demos:WHDLOAD/OCS/H/HitFido/hitfido.slave;0;1;0;0
0;Here We Are;Unknown;Demos:WHDLOAD/OCS/H/HereWeAre/hereweare.slave;0;0;0;0
0;Hallucinations & Dreams;Unknown;Demos:WHDLOAD/OCS/H/Hallucinations&Dreams/hallucinations&dreams.slave;0;0;0;0
0;Hallucinations and Dreams Preview;Unknown;Demos:WHDLOAD/OCS/H/Hallu&DreamsPrvKatharsis/hallu&dreamsprvkatharsis.slave;0;0;0;0
0;Hymn 633;Unknown;Demos:WHDLOAD/OCS/H/Hymn633/hymn633.slave;0;0;0;0
0;The Honey Comb;Unknown;Demos:WHDLOAD/OCS/H/HoneyComb/honeycomb.slave;0;0;0;0
0;Hollywood Poker Slideshow;Unknown;Demos:WHDLOAD/OCS/H/HollywoodPokerSlide/hollywoodpokerslide.slave;0;0;0;0
0;Hymns from the Bible III;Unknown;Demos:WHDLOAD/OCS/H/HymnsFromTheBible3/hymnsfromthebible3.slave;0;0;0;0
0;- Hunt for 7th October -;Unknown;Demos:WHDLOAD/OCS/H/HuntFor7thOctober/huntfor7thoctober.slave;0;1;0;0
0;No Brain - No Pain;Unknown;Demos:WHDLOAD/OCS/N/NoBrainNoPainFlashProd/nobrainnopainflashprod.slave;0;0;0;0
0;Numeric;Unknown;Demos:WHDLOAD/OCS/N/Numeric/numeric.slave;0;0;0;0
0;No Brain No Pain;Unknown;Demos:WHDLOAD/OCS/N/NoBrainNoPainParadise/nobrainnopainparadise.slave;0;0;0;0
0;No Tech;Unknown;Demos:WHDLOAD/OCS/N/NoTech/notech.slave;0;0;0;0
0;Newtron's Music Box;Unknown;Demos:WHDLOAD/OCS/N/NewtronsMusicBox/newtronsmusicbox.slave;0;0;0;0
0;Non Stop Music;Unknown;Demos:WHDLOAD/OCS/N/NonStopMusic/nonstopmusic.slave;0;0;0;0
0;Negative FX;Unknown;Demos:WHDLOAD/OCS/N/NegativeFX/negativefx.slave;0;0;0;0
0;Nugget;Unknown;Demos:WHDLOAD/OCS/N/Nugget/nugget.slave;0;0;0;0
0;Noises of Pansy;Unknown;Demos:WHDLOAD/OCS/N/NoisesOfPansy/noisesofpansy.slave;0;0;0;0
0;Neural Assault;Unknown;Demos:WHDLOAD/OCS/N/NeuralAssault/neuralassault.slave;0;0;0;0
0;Nightshade's Harmony;Unknown;Demos:WHDLOAD/OCS/N/NightshadesHarmony/nightshadesharmony.slave;0;0;0;0
0;Numeric 2;Unknown;Demos:WHDLOAD/OCS/N/Numeric2/numeric2.slave;0;0;0;0
0;Nonterraqueous;Unknown;Demos:WHDLOAD/OCS/N/Nonterraqueous/nonterraqueous.slave;0;0;0;0
0;New Age;Unknown;Demos:WHDLOAD/OCS/N/NewAge/newage.slave;0;0;0;0
0;Numeric 3;Unknown;Demos:WHDLOAD/OCS/N/Numeric3/numeric3.slave;0;0;0;0
0;Virtual World;Unknown;Demos:WHDLOAD/OCS/V/VirtualWorld/virtualworld.slave;0;0;0;0
0;Vectordemo aka Vector All Times;Unknown;Demos:WHDLOAD/OCS/V/VectorDemoTristanLorach/vectordemotristanlorach.slave;0;0;0;0
0;Vector Up Your Ass;Unknown;Demos:WHDLOAD/OCS/V/VectorUpYourAss/vectorupyourass.slave;0;0;0;0
0;Voyage;Unknown;Demos:WHDLOAD/OCS/V/VoyageRazor1911/voyagerazor1911.slave;0;0;0;0
0;VoyageFantasyForce;Unknown;Demos:WHDLOAD/OCS/V/VoyageFantasyForce/voyagefantasyforce.slave;0;0;0;0
0;Vector Dance 2;Unknown;Demos:WHDLOAD/OCS/V/Vectordance2/vectordance2.slave;0;0;0;0
0;Viktoria;Unknown;Demos:WHDLOAD/OCS/V/Viktoria/viktoria.slave;0;0;0;0
0;Vaginal Massacre;Unknown;Demos:WHDLOAD/OCS/V/VaginalMassacre/vaginalmassacre.slave;0;0;0;0
0;Vector Balls;Unknown;Demos:WHDLOAD/OCS/V/VectorBalls/vectorballs.slave;0;0;0;0
0;Vector Demo;Unknown;Demos:WHDLOAD/OCS/V/VectorDemoProphetsAG/vectordemoprophetsag.slave;0;0;0;0
0;Vectordance;Unknown;Demos:WHDLOAD/OCS/V/Vectordance/vectordance.slave;0;0;0;0
0;VectorBob Demo;Unknown;Demos:WHDLOAD/OCS/V/VectorBobDemo/vectorbobdemo.slave;0;0;0;0
0;Vector Exterminator;Unknown;Demos:WHDLOAD/OCS/V/VectorExterminator/vectorexterminator.slave;0;0;0;0
0;Vector-Balls Demo;Unknown;Demos:WHDLOAD/OCS/V/VectorBallsDemo/vectorballsdemo.slave;0;0;0;0
0;Virtual Harmony;Unknown;Demos:WHDLOAD/OCS/V/VirtualHarmony/virtualharmony.slave;0;0;0;0
0;Stop Fascism;Unknown;Demos:WHDLOAD/OCS/S/StopFascism/stopfascism.slave;0;0;0;0
0;Spring Melodies;Unknown;Demos:WHDLOAD/OCS/S/SpringMelodies/springmelodies.slave;0;0;0;0
0;Soundbox 2;Unknown;Demos:WHDLOAD/OCS/S/Soundbox2/soundbox2.slave;0;0;0;0
0;Stag Series;Unknown;Demos:WHDLOAD/OCS/S/Stag3/stag3.slave;0;0;0;0
0;Snap!;Unknown;Demos:WHDLOAD/OCS/S/Snap/snap.slave;0;0;0;0
0;Sound Erection;Unknown;Demos:WHDLOAD/OCS/S/SoundErection/sounderection.slave;0;0;0;0
0;Status Quo;Unknown;Demos:WHDLOAD/OCS/S/StatusQuoFast/statusquofast.slave;0;0;0;0
0;Spaceship;Unknown;Demos:WHDLOAD/OCS/S/Spaceship/spaceship.slave;0;0;0;0
0;Sound & Vision;Unknown;Demos:WHDLOAD/OCS/S/SoundAndVision/soundandvision.slave;0;0;0;0
0;Spaced Out Vol. 2;Unknown;Demos:WHDLOAD/OCS/S/SpacedOutVol2/spacedoutvol2.slave;0;0;0;0
0;Sound Mania;Unknown;Demos:WHDLOAD/OCS/S/SoundMania/soundmania.slave;0;0;0;0
0;Sound Disk 1;Unknown;Demos:WHDLOAD/OCS/S/SoundDisk1/sounddisk1.slave;0;0;0;0
0;Sound Highlights 1;Unknown;Demos:WHDLOAD/OCS/S/SoundHighlights1/soundhighlights1.slave;0;0;0;0
0;Spasmolytic;Unknown;Demos:WHDLOAD/OCS/S/Spasmolytic/spasmolytic.slave;0;0;0;0
0;The Simpsons;Unknown;Demos:WHDLOAD/OCS/S/Simpsons/simpsons.slave;0;0;0;0
0;System Violation;Unknown;Demos:WHDLOAD/OCS/S/SystemViolation/systemviolation.slave;0;0;0;0
0;Sound Vision;Unknown;Demos:WHDLOAD/OCS/S/SoundVision/soundvision.slave;0;0;0;0
0;Semi'93 Invitation;Unknown;Demos:WHDLOAD/OCS/S/Semi93Invitation/semi93invitation.slave;0;0;0;0
0;Soundtracker Injury 2;Unknown;Demos:WHDLOAD/OCS/S/SoundtrackerInjury2/soundtrackerinjury2.slave;0;0;0;0
0;Sploosh 1.5 - Pond;Unknown;Demos:WHDLOAD/OCS/S/Sploosh15Pond/sploosh15pond.slave;0;0;0;0
0;Sound of Music 7;Unknown;Demos:WHDLOAD/OCS/S/SoundOfMusic7/soundofmusic7.slave;0;0;0;0
0;Spellcheck;Unknown;Demos:WHDLOAD/OCS/S/Spellcheck/spellcheck.slave;0;0;0;0
0;Strange Music #1;Unknown;Demos:WHDLOAD/OCS/S/StrangeMusic1/strangemusic1.slave;0;0;0;0
0;Sound Disk;Unknown;Demos:WHDLOAD/OCS/S/SoundDiskZenith/sounddiskzenith.slave;0;0;0;0
0;Soundtracker Injury 3;Unknown;Demos:WHDLOAD/OCS/S/SoundtrackerInjury3/soundtrackerinjury3.slave;0;0;0;0
0;Sensenmann;Unknown;Demos:WHDLOAD/OCS/S/Sensenmann/sensenmann.slave;0;0;0;0
0;Shadow Fire;Unknown;Demos:WHDLOAD/OCS/S/ShadowFire/shadowfire.slave;0;0;0;0
0;Sound Mania 2;Unknown;Demos:WHDLOAD/OCS/S/SoundMania2Pussy/soundmania2pussy.slave;0;0;0;0
0;Seeing is Believing;Unknown;Demos:WHDLOAD/OCS/S/SeeingIsBelieving/seeingisbelieving.slave;0;0;0;0
0;Sane Sounds;Unknown;Demos:WHDLOAD/OCS/S/SaneSounds/sanesounds.slave;0;0;0;0
0;- Substance -;Unknown;Demos:WHDLOAD/OCS/S/Substance/substance.slave;0;0;0;0
0;S.O.F.T. Movie;Unknown;Demos:WHDLOAD/OCS/S/SOFTMovie/softmovie.slave;0;0;0;0
0;Sploosh;Unknown;Demos:WHDLOAD/OCS/S/Sploosh/sploosh.slave;0;0;0;0
0;Sunset Glow;Unknown;Demos:WHDLOAD/OCS/S/SunsetGlow/sunsetglow.slave;0;0;0;0
0;- Scoopex / Seven Sins -;Unknown;Demos:WHDLOAD/OCS/S/SevenSins/sevensins.slave;0;0;0;0
0;Subtle Shades;Unknown;Demos:WHDLOAD/OCS/S/SubtleShades/subtleshades.slave;0;0;0;0
0;Stag Series Alt;Unknown;Demos:WHDLOAD/OCS/S/Stag4/stag4.slave;0;0;0;0
0;Synthetic Power;Unknown;Demos:WHDLOAD/OCS/S/SyntheticPower/syntheticpower.slave;0;0;0;0
0;Stateline;Unknown;Demos:WHDLOAD/OCS/S/Stateline/stateline.slave;0;0;0;0
0;Sound Engine 2;Unknown;Demos:WHDLOAD/OCS/S/SoundEngine2/soundengine2.slave;0;0;0;0
0;Stereo Sounds;Unknown;Demos:WHDLOAD/OCS/S/StereoSounds/stereosounds.slave;0;0;0;0
0;Sounddisk;Unknown;Demos:WHDLOAD/OCS/S/SoundDiskPossessed/sounddiskpossessed.slave;0;0;0;0
0;Sounddemo;Unknown;Demos:WHDLOAD/OCS/S/SoundDemoSyndicate/sounddemosyndicate.slave;0;0;0;0
0;Sound of Silents;Unknown;Demos:WHDLOAD/OCS/S/SoundOfSilents/soundofsilents.slave;0;0;0;0
0;Sound Atax Vol. 2;Unknown;Demos:WHDLOAD/OCS/S/SoundAtaxVol2/soundataxvol2.slave;0;0;0;0
0;Sound Atax Vol. 3;Unknown;Demos:WHDLOAD/OCS/S/SoundAtaxVol3/soundataxvol3.slave;0;0;0;0
0;Seven Seas;Unknown;Demos:WHDLOAD/OCS/S/SevenSeas/sevenseas.slave;0;0;0;0
0;SexVens;Unknown;Demos:WHDLOAD/OCS/S/Sexvens/sexvens.slave;0;0;0;0
0;Strange Music #3;Unknown;Demos:WHDLOAD/OCS/S/StrangeMusic3/strangemusic3.slave;0;0;0;0
0;Stag Series Alt Alt;Unknown;Demos:WHDLOAD/OCS/S/StagExtra/stagextra.slave;0;0;0;0
0;Software;Unknown;Demos:WHDLOAD/OCS/S/Software/software.slave;0;0;0;0
0;Sound Barrier;Unknown;Demos:WHDLOAD/OCS/S/SoundBarrier/soundbarrier.slave;0;0;0;0
0;SCR Musax 2;Unknown;Demos:WHDLOAD/OCS/S/SCRMusax2/scrmusax2.slave;0;0;0;0
0;Smau 92 Music Disk;Unknown;Demos:WHDLOAD/OCS/S/Smau92MusicDisk/smau92musicdisk.slave;0;0;0;0
0;Sequential;Unknown;Demos:WHDLOAD/OCS/S/Sequential/sequential.slave;0;0;0;0
0;Sound Engine;Unknown;Demos:WHDLOAD/OCS/S/SoundEngine/soundengine.slave;0;0;0;0
0;Sonic Attack;Unknown;Demos:WHDLOAD/OCS/S/SonicAttack/sonicattack.slave;0;0;0;0
0;Songs of Infinity;Unknown;Demos:WHDLOAD/OCS/S/SongsOfInfinity/songsofinfinity.slave;0;0;0;0
0;Strange Music #2;Unknown;Demos:WHDLOAD/OCS/S/StrangeMusic2/strangemusic2.slave;0;0;0;0
0;Tuneshow IV - Spherical Dreams;Unknown;Demos:WHDLOAD/OCS/S/SphericalDreams/sphericaldreams.slave;0;0;0;0
0;Status Quo Alt;Unknown;Demos:WHDLOAD/OCS/S/StatusQuo/statusquo.slave;0;0;0;0
0;Sound Quest 1;Unknown;Demos:WHDLOAD/OCS/S/SoundQuest1/soundquest1.slave;0;0;0;0
0;Sozzled Somersault;Unknown;Demos:WHDLOAD/OCS/S/SozzledSomersault/sozzledsomersault.slave;0;0;0;0
0;Stag Series Alt Alt Alt;Unknown;Demos:WHDLOAD/OCS/S/StagSeries/stagseries.slave;0;0;0;0
0;Subliminal Vision;Unknown;Demos:WHDLOAD/OCS/S/SubliminalVision/subliminalvision.slave;0;0;0;0
0;Shed Tears;Unknown;Demos:WHDLOAD/OCS/S/ShedTears/shedtears.slave;0;0;0;0
0;Static Chaos;Unknown;Demos:WHDLOAD/OCS/S/StaticChaos/staticchaos.slave;0;0;0;0
0;Spaced Out Vol. 1;Unknown;Demos:WHDLOAD/OCS/S/SpacedOutVol1/spacedoutvol1.slave;0;0;0;0
0;SoundsOfGnome;Unknown;Demos:WHDLOAD/OCS/S/SoundsOfGnome/soundsofgnome.slave;0;0;0;0
0;Stag Series Alt Alt Alt Alt;Unknown;Demos:WHDLOAD/OCS/S/Stag6/stag6.slave;0;0;0;0
0;Stag Series Alt Alt Alt Alt Alt;Unknown;Demos:WHDLOAD/OCS/S/Stag1/stag1.slave;0;0;0;0
0;Sweet Music;Unknown;Demos:WHDLOAD/OCS/S/SweetMusic/sweetmusic.slave;0;0;0;0
0;Sweltering Forest;Unknown;Demos:WHDLOAD/OCS/S/SwelteringForest/swelteringforest.slave;0;0;0;0
0;Synthesis;Unknown;Demos:WHDLOAD/OCS/S/Synthesis/synthesis.slave;0;0;0;0
0;Stag Series Alt Alt Alt Alt Alt Alt;Unknown;Demos:WHDLOAD/OCS/S/Stag2/stag2.slave;0;0;0;0
0;S.O.S. (Smell Of Shit);Unknown;Demos:WHDLOAD/OCS/S/SOS/sos.slave;0;0;0;0
0;Sigh;Unknown;Demos:WHDLOAD/OCS/S/Sigh/sigh.slave;0;0;0;0
0;Screwballs (aka Corkscew);Unknown;Demos:WHDLOAD/OCS/S/Screwballs/screwballs.slave;0;0;0;0
0;Soundrevolution 6;Unknown;Demos:WHDLOAD/OCS/S/Soundrevolution6/soundrevolution6.slave;0;0;0;0
0;Sound De Light;Unknown;Demos:WHDLOAD/OCS/S/SoundDeLight/sounddelight.slave;0;0;0;0
0;Synthetic Vibes;Unknown;Demos:WHDLOAD/OCS/S/SyntheticVibes/syntheticvibes.slave;0;0;0;0
0;Sound Quest 2;Unknown;Demos:WHDLOAD/OCS/S/SoundQuest2/soundquest2.slave;0;0;0;0
0;Sweet Revenge;Unknown;Demos:WHDLOAD/OCS/S/SweetRevenge/sweetrevenge.slave;0;0;0;0
0;Sound & Vision 2;Unknown;Demos:WHDLOAD/OCS/S/SoundAndVision2/soundandvision2.slave;0;0;0;0
0;Steve Vizard;Unknown;Demos:WHDLOAD/OCS/S/SteveVizard/stevevizard.slave;0;0;0;0
0;Sun Tracker 2;Unknown;Demos:WHDLOAD/OCS/S/SunTracker2/suntracker2.slave;0;0;0;0
0;Sonical Fantasia;Unknown;Demos:WHDLOAD/OCS/S/SonicalFantasia/sonicalfantasia.slave;0;0;0;0
0;Sound Atax Vol. 1;Unknown;Demos:WHDLOAD/OCS/S/SoundAtaxVol1/soundataxvol1.slave;0;0;0;0
0;Stag Series Alt Alt Alt Alt Alt Alt Alt;Unknown;Demos:WHDLOAD/OCS/S/Stag5/stag5.slave;0;0;0;0
0;Soundtrip;Unknown;Demos:WHDLOAD/OCS/S/Soundtrip/soundtrip.slave;0;0;0;0
0;Sound Disk 2;Unknown;Demos:WHDLOAD/OCS/S/SoundDisk2/sounddisk2.slave;0;0;0;0
0;State of the Art;Unknown;Demos:WHDLOAD/OCS/S/StateOfTheArt/stateoftheart.slave;1;31;0;0
0;Silicon Sounds;Unknown;Demos:WHDLOAD/OCS/S/SiliconSounds/siliconsounds.slave;0;0;0;0
0;Zine #8;Unknown;Demos:WHDLOAD/MAGS/Z/Zine08/zine08.slave;0;0;0;0
0;Zine #1;Unknown;Demos:WHDLOAD/MAGS/Z/Zine01/zine01.slave;0;0;0;0
0;Zine #9;Unknown;Demos:WHDLOAD/MAGS/Z/Zine09/zine09.slave;0;0;0;0
0;Zine #4;Unknown;Demos:WHDLOAD/MAGS/Z/Zine04/zine04.slave;0;0;0;0
0;Zine #10;Unknown;Demos:WHDLOAD/MAGS/Z/Zine10/zine10.slave;0;0;0;0
0;Zine #7;Unknown;Demos:WHDLOAD/MAGS/Z/Zine07/zine07.slave;0;0;0;0
0;Zine #6;Unknown;Demos:WHDLOAD/MAGS/Z/Zine06/zine06.slave;0;0;0;0
0;Zine #3;Unknown;Demos:WHDLOAD/MAGS/Z/Zine03/zine03.slave;0;0;0;0
0;Zine #5;Unknown;Demos:WHDLOAD/MAGS/Z/Zine05/zine05.slave;0;0;0;0
0;Zine #2;Unknown;Demos:WHDLOAD/MAGS/Z/Zine02/zine02.slave;0;0;0;0
0;4th Dimension #1;Unknown;Demos:WHDLOAD/MAGS/F/FourthDimension1/fourthdimension1.slave;0;0;0;0
0;4th Dimension #2;Unknown;Demos:WHDLOAD/MAGS/F/FourthDimension2/fourthdimension2.slave;0;0;0;0
0;4th Dimension #3;Unknown;Demos:WHDLOAD/MAGS/F/FourthDimension3/fourthdimension3.slave;0;0;0;0
0;Exit 1 (Czech Disk Mag);Unknown;Demos:WHDLOAD/MAGS/E/Exit1/exit1.slave;0;0;0;0
0;Exit 3 (Czech Disk Mag);Unknown;Demos:WHDLOAD/MAGS/E/Exit3/exit3.slave;0;0;0;0
0;Exit 2 (Czech Disk Mag);Unknown;Demos:WHDLOAD/MAGS/E/Exit2/exit2.slave;0;0;0;0
0;Exit 4 (Czech Disk Mag);Unknown;Demos:WHDLOAD/MAGS/E/Exit4/exit4.slave;0;0;0;0
0;ICE #2;Unknown;Demos:WHDLOAD/MAGS/I/Ice02/ice02.slave;0;0;0;0
0;ICE #1;Unknown;Demos:WHDLOAD/MAGS/I/Ice01/ice01.slave;0;0;0;0
0;I.C.E. Issue #4;Unknown;Demos:WHDLOAD/MAGS/I/Ice4/ice4.slave;0;0;0;0
0;I.C.E. #6;Unknown;Demos:WHDLOAD/MAGS/I/Ice6/ice6.slave;0;0;0;0
0;I.C.E. Issue #5;Unknown;Demos:WHDLOAD/MAGS/I/Ice5/ice5.slave;0;0;0;0
0;I.C.E. #8;Unknown;Demos:WHDLOAD/MAGS/I/Ice8/ice8.slave;0;0;0;0
0;I.C.E. #7;Unknown;Demos:WHDLOAD/MAGS/I/Ice7/ice7.slave;0;0;0;0
0;I.C.E. #3;Unknown;Demos:WHDLOAD/MAGS/I/Ice3/ice3.slave;0;0;0;0
0;P.E.N.I.S #1;Unknown;Demos:WHDLOAD/MAGS/P/PENIS1/penis1.slave;0;0;0;0
0;P.E.N.I.S #3;Unknown;Demos:WHDLOAD/MAGS/P/PENIS3/penis3.slave;0;0;0;0
0;P.E.N.I.S #2;Unknown;Demos:WHDLOAD/MAGS/P/PENIS2/penis2.slave;0;0;0;0
0;McDisk #1;Unknown;Demos:WHDLOAD/MAGS/M/McDisk1/mcdisk1.slave;0;0;0;0
0;McDisk #3;Unknown;Demos:WHDLOAD/MAGS/M/McDisk3/mcdisk3.slave;0;0;0;0
0;McDisk #2;Unknown;Demos:WHDLOAD/MAGS/M/McDisk2/mcdisk2.slave;0;0;0;0
0;Grapevine #19;Unknown;Demos:WHDLOAD/MAGS/G/Grapevine19/grapevine19.slave;0;0;0;0
0;Grapevine #18;Unknown;Demos:WHDLOAD/MAGS/G/Grapevine18/grapevine18.slave;0;0;0;0
0;Grapevine #5;Unknown;Demos:WHDLOAD/MAGS/G/Grapevine05/grapevine05.slave;0;0;0;0
0;Grapevine #11;Unknown;Demos:WHDLOAD/MAGS/G/Grapevine11/grapevine11.slave;0;0;0;0
0;Grapevine #9;Unknown;Demos:WHDLOAD/MAGS/G/Grapevine09/grapevine09.slave;0;0;0;0
0;Grapevine #16;Unknown;Demos:WHDLOAD/MAGS/G/Grapevine16/grapevine16.slave;0;0;0;0
0;Grapevine #20;Unknown;Demos:WHDLOAD/MAGS/G/Grapevine20/grapevine20.slave;0;0;0;0
0;Grapevine #14;Unknown;Demos:WHDLOAD/MAGS/G/Grapevine14/grapevine14.slave;0;0;0;0
0;Grapevine #15;Unknown;Demos:WHDLOAD/MAGS/G/Grapevine15/grapevine15.slave;0;0;0;0
0;Grapevine #21;Unknown;Demos:WHDLOAD/MAGS/G/Grapevine21/grapevine21.slave;0;0;0;0
0;Grapevine #13;Unknown;Demos:WHDLOAD/MAGS/G/Grapevine13/grapevine13.slave;0;0;0;0
0;Grapevine #12;Unknown;Demos:WHDLOAD/MAGS/G/Grapevine12/grapevine12.slave;0;0;0;0
0;Grapevine #7;Unknown;Demos:WHDLOAD/MAGS/G/Grapevine07/grapevine07.slave;0;0;0;0
0;Grapevine #17;Unknown;Demos:WHDLOAD/MAGS/G/Grapevine17/grapevine17.slave;0;0;0;0
0;Grapevine #8;Unknown;Demos:WHDLOAD/MAGS/G/Grapevine08/grapevine08.slave;0;0;0;0
0;Grapevine #6;Unknown;Demos:WHDLOAD/MAGS/G/Grapevine06/grapevine06.slave;0;0;0;0
0;Grapevine #10;Unknown;Demos:WHDLOAD/MAGS/G/Grapevine10/grapevine10.slave;0;0;0;0
0;Cracker Journal #5;Unknown;Demos:WHDLOAD/MAGS/C/CrackerJournal05/crackerjournal05.slave;0;0;0;0
0;Cracker Journal #12;Unknown;Demos:WHDLOAD/MAGS/C/CrackerJournal12/crackerjournal12.slave;0;0;0;0
0;Cracker Journal #3;Unknown;Demos:WHDLOAD/MAGS/C/CrackerJournal03/crackerjournal03.slave;0;0;0;0
0;Cracker Journal #10;Unknown;Demos:WHDLOAD/MAGS/C/CrackerJournal10/crackerjournal10.slave;0;0;0;0
0;Cracker Journal #16;Unknown;Demos:WHDLOAD/MAGS/C/CrackerJournal16/crackerjournal16.slave;0;0;0;0
0;Cracker Journal #6;Unknown;Demos:WHDLOAD/MAGS/C/CrackerJournal06/crackerjournal06.slave;0;0;0;0
0;Cracker Journal #20;Unknown;Demos:WHDLOAD/MAGS/C/CrackerJournal20/crackerjournal20.slave;0;0;0;0
0;Cracker Journal #17;Unknown;Demos:WHDLOAD/MAGS/C/CrackerJournal17/crackerjournal17.slave;0;0;0;0
0;Cracker Journal #1;Unknown;Demos:WHDLOAD/MAGS/C/CrackerJournal01/crackerjournal01.slave;0;0;0;0
0;Cracker Journal #4;Unknown;Demos:WHDLOAD/MAGS/C/CrackerJournal04/crackerjournal04.slave;0;0;0;0
0;Cracker Journal #15;Unknown;Demos:WHDLOAD/MAGS/C/CrackerJournal15/crackerjournal15.slave;0;0;0;0
0;Cracker Journal #21;Unknown;Demos:WHDLOAD/MAGS/C/CrackerJournal21/crackerjournal21.slave;0;0;0;0
0;Cracker Journal #7+8;Unknown;Demos:WHDLOAD/MAGS/C/CrackerJournal07&08/crackerjournal07&08.slave;0;0;0;0
0;Compass #1;Unknown;Demos:WHDLOAD/MAGS/C/Compass1/compass1.slave;0;0;0;0
0;Cracker Journal #13;Unknown;Demos:WHDLOAD/MAGS/C/CrackerJournal13/crackerjournal13.slave;0;0;0;0
0;Cracker Journal #18;Unknown;Demos:WHDLOAD/MAGS/C/CrackerJournal18/crackerjournal18.slave;0;0;0;0
0;Cracker Journal #22;Unknown;Demos:WHDLOAD/MAGS/C/CrackerJournal22/crackerjournal22.slave;0;0;0;0
0;Cracker Journal #2;Unknown;Demos:WHDLOAD/MAGS/C/CrackerJournal02/crackerjournal02.slave;0;0;0;0
0;Cracker Journal #9;Unknown;Demos:WHDLOAD/MAGS/C/CrackerJournal09/crackerjournal09.slave;0;0;0;0
0;Cracker Journal #14;Unknown;Demos:WHDLOAD/MAGS/C/CrackerJournal14/crackerjournal14.slave;0;0;0;0
0;Cracker Journal #11;Unknown;Demos:WHDLOAD/MAGS/C/CrackerJournal11/crackerjournal11.slave;0;0;0;0
0;Cracker Journal #19;Unknown;Demos:WHDLOAD/MAGS/C/CrackerJournal19/crackerjournal19.slave;0;0;0;0
0;D.I.S.C. #5;Unknown;Demos:WHDLOAD/MAGS/D/DISC5/disc5.slave;0;0;0;0
0;D.I.S.C. #2;Unknown;Demos:WHDLOAD/MAGS/D/DISC2/disc2.slave;0;0;0;0
0;D.I.S.C. #6;Unknown;Demos:WHDLOAD/MAGS/D/DISC6/disc6.slave;0;0;0;0
0;D.I.S.C. #3;Unknown;Demos:WHDLOAD/MAGS/D/DISC3/disc3.slave;0;0;0;0
0;D.I.S.C. #4;Unknown;Demos:WHDLOAD/MAGS/D/DISC4/disc4.slave;0;0;0;0
0;D.I.S.C. #7;Unknown;Demos:WHDLOAD/MAGS/D/DISC7/disc7.slave;0;0;0;0
0;D.I.S.C #8;Unknown;Demos:WHDLOAD/MAGS/D/DISC8/disc8.slave;0;0;0;0
0;D.I.S.C. #1;Unknown;Demos:WHDLOAD/MAGS/D/DISC1/disc1.slave;0;0;0;0
0;Upstream #1;Unknown;Demos:WHDLOAD/MAGS/U/Upstream01/upstream01.slave;0;0;0;0
0;R.O.M. Issue No.2;Unknown;Demos:WHDLOAD/MAGS/R/ROM2/rom2.slave;0;0;0;0
0;R.O.M. Issue No.1;Unknown;Demos:WHDLOAD/MAGS/R/ROM1/rom1.slave;0;0;0;0
0;Almighty Issue 1;Unknown;Demos:WHDLOAD/MAGS/A/Almighty/almighty.slave;0;0;0;0
0;Worldcharts 9;Unknown;Demos:WHDLOAD/MAGS/W/WorldCharts09/worldcharts09.slave;0;0;0;0
0;42 #1;Unknown;Demos:WHDLOAD/MAGS/0-9/42Issue1/42issue1.slave;0;0;0;0
0;42 #1 Alt;Unknown;Demos:WHDLOAD/MAGS/0-9/42Issue1AGA/42issue1aga.slave;0;0;0;0
0;42 #2;Unknown;Demos:WHDLOAD/MAGS/0-9/42Issue2/42issue2.slave;0;0;0;0
0;Visual Intensity #1;Unknown;Demos:WHDLOAD/MAGS/V/VisualIntensity1/visualintensity1.slave;0;0;0;0
0;Stolen Data #8;Unknown;Demos:WHDLOAD/MAGS/S/StolenData08/stolendata08.slave;0;0;0;0
0;Scene Talk #3;Unknown;Demos:WHDLOAD/MAGS/S/SceneTalk3/scenetalk3.slave;0;0;0;0
0;Stolen Data #7;Unknown;Demos:WHDLOAD/MAGS/S/StolenData07/stolendata07.slave;0;0;0;0
0;The Scene #2;Unknown;Demos:WHDLOAD/MAGS/S/Scene2Abel/scene2abel.slave;0;0;0;0
0;Scene Talk #2;Unknown;Demos:WHDLOAD/MAGS/S/SceneTalk2/scenetalk2.slave;0;0;0;0
0;Scene Talk #4;Unknown;Demos:WHDLOAD/MAGS/S/SceneTalk4/scenetalk4.slave;0;0;0;0
0;The Scene #4;Unknown;Demos:WHDLOAD/MAGS/S/Scene4Prophecy/scene4prophecy.slave;0;0;0;0
0;Scene Talk #7;Unknown;Demos:WHDLOAD/MAGS/S/SceneTalk7/scenetalk7.slave;0;0;0;0
0;Scene Talk #8;Unknown;Demos:WHDLOAD/MAGS/S/SceneTalk8/scenetalk8.slave;0;0;0;0
0;The Scene #1;Unknown;Demos:WHDLOAD/MAGS/S/Scene1/scene1.slave;0;0;0;0
0;The Scene #3;Unknown;Demos:WHDLOAD/MAGS/S/Scene3Decay/scene3decay.slave;0;0;0;0
0;Scene Talk #6;Unknown;Demos:WHDLOAD/MAGS/S/SceneTalk6/scenetalk6.slave;0;0;0;0
0;Scene Talk #1;Unknown;Demos:WHDLOAD/MAGS/S/SceneTalk1/scenetalk1.slave;0;0;0;0
0;Scene Talk #5;Unknown;Demos:WHDLOAD/MAGS/S/SceneTalk5/scenetalk5.slave;0;0;0;0
0;Colorado cracktro;Unknown;Demos:WHDLOAD/Cracktros/ScoopexColorado/scoopex.slave;0;0;0;0
0;Razor 1911 Intro Collection;Unknown;Demos:WHDLOAD/Cracktros/Razor1911 Collection/razor1911.slave;0;0;0;0
0;Black Monks Cracktro;Unknown;Demos:WHDLOAD/Cracktros/BlackMonks TestDrive2/blackmonks.slave;0;0;0;0
0;Desert Strike Cracktro;Unknown;Demos:WHDLOAD/Cracktros/ParadoxDesertStrike/paradox.slave;0;0;0;0
0;Skid Row Cracktro;Unknown;Demos:WHDLOAD/Cracktros/SkidRow SWIV/skidrow.slave;0;0;0;0
0;F/A 18 Interceptor Crack-Intro;Unknown;Demos:WHDLOAD/Cracktros/UnitA FA18Interceptor/unit-a.slave;0;0;0;0
0;Ghouls 'n' ghosts Cracktro;Unknown;Demos:WHDLOAD/Cracktros/DefjamCCS_GhoulsNGhosts/defjam.slave;0;0;0;0
0;Pinball Dreams 2/Pinball Fantasies (Crack Intro);Unknown;Demos:WHDLOAD/Cracktros/SkidRow PinballDreams2/pinballdreams2.slave;0;0;0;0
0;Tetris Cracktro;Unknown;Demos:WHDLOAD/Cracktros/TristarTetris/tristar.slave;0;0;0;0
0;Grand Prix Circuit Crack-Intro;Unknown;Demos:WHDLOAD/Cracktros/Bamiga GrandPrix/bamigasectorone-gpc.slave;0;0;0;0
0;Speedball - Cracktro -;Unknown;Demos:WHDLOAD/Cracktros/Ackerlight_Speedball/acker.slave;0;0;0;0
0;World Of Wonders Cracktro;Unknown;Demos:WHDLOAD/Cracktros/WoW California Games/worldofwonders.slave;0;0;0;0
0;Ministry Cracktro;Unknown;Demos:WHDLOAD/Cracktros/Ministry ProjectXSE/ministry.slave;0;0;0;0
0;Cracktro - Rock'n'Roll;Unknown;Demos:WHDLOAD/Cracktros/NRC-Paranoimia RockNRoll/nrc.slave;0;0;0;0
0;Franco Girardelli Hockey Crack-Intro;Unknown;Demos:WHDLOAD/Cracktros/ICS FrancoHockey/ics.slave;0;0;0;0
0;Crazy Cars 2 Cracktro;Unknown;Demos:WHDLOAD/Cracktros/WoW CrazyCars2/worldofwonders.slave;0;0;0;0
0;Paradox Cracktro;Unknown;Demos:WHDLOAD/Cracktros/Paradox SuperOffroad/paradox.slave;0;0;0;0
0;Lost Symphony;Unknown;Demos:WHDLOAD/OCS/L/LostSymphony/lostsymphony.slave;0;0;0;0
0;Lost Track;Unknown;Demos:WHDLOAD/OCS/L/LostTrack/losttrack.slave;0;0;0;0
0;Felix - Don't You Want Me;Unknown;Demos:WHDLOAD/OCS/F/FelixDontYouWantMe/felixdontyouwantme.slave;0;0;0;0
0;The Four Seasons;Unknown;Demos:WHDLOAD/OCS/F/FourSeasons/fourseasons.slave;0;0;0;0
0;Essential Classics;Unknown;Demos:WHDLOAD/OCS/E/EssentialClassics/essentialclassics.slave;0;0;0;0
0;Excess;Unknown;Demos:WHDLOAD/OCS/E/Excess/excess.slave;0;0;0;0
0;Elektrica;Unknown;Demos:WHDLOAD/OCS/E/Elektrica/elektrica.slave;0;0;0;0
0;Evolution;Unknown;Demos:WHDLOAD/OCS/E/EvolutionDesire/evolutiondesire.slave;0;0;0;0
0;Exile;Unknown;Demos:WHDLOAD/OCS/E/Exile/exile.slave;0;0;0;0
0;Epilepsia 2;Unknown;Demos:WHDLOAD/OCS/E/Epilepsia2/epilepsia2.slave;0;0;0;0
0;Epilepsia;Unknown;Demos:WHDLOAD/OCS/E/Epilepsia/epilepsia.slave;0;0;0;0
0;Estprobal Mastic;Unknown;Demos:WHDLOAD/OCS/E/EstprobalMastic/estprobalmastic.slave;0;0;0;0
0;Imperial Tunes;Unknown;Demos:WHDLOAD/OCS/I/ImperialTunes/imperialtunes.slave;0;0;0;0
0;Imperial Tunes 2;Unknown;Demos:WHDLOAD/OCS/I/ImperialTunes2/imperialtunes2.slave;0;0;0;0
0;Propaganda;Unknown;Demos:WHDLOAD/OCS/P/PropagandaZeroDefects/propagandazerodefects.slave;0;0;0;0
0;Monolith;Unknown;Demos:WHDLOAD/OCS/M/Monolith/monolith.slave;0;0;0;0
0;Megalo Demos;Unknown;Demos:WHDLOAD/OCS/M/MegaloDemos/megalodemos.slave;0;0;0;0
0;Megademo 3 Alt;Unknown;Demos:WHDLOAD/OCS/M/Megademo3NSFLT/megademo3nsflt.slave;0;0;0;0
0;Mega Demo 2;Unknown;Demos:WHDLOAD/OCS/M/Megademo2NorthStar/megademo2northstar.slave;0;0;0;0
0;Mindfield;Unknown;Demos:WHDLOAD/OCS/M/Mindfield/mindfield.slave;0;0;0;0
0;Kraftwerk Mega-Mix;Unknown;Demos:WHDLOAD/OCS/K/KraftwerkMegaMix/kraftwerkmegamix.slave;0;0;0;0
0;Call It Wot Ya Want;Unknown;Demos:WHDLOAD/OCS/C/CallItWotYaWant/callitwotyawant.slave;0;0;0;0
0;Dance War;Unknown;Demos:WHDLOAD/OCS/D/DanceWar/dancewar.slave;0;0;0;0
0;Bohemian;Unknown;Demos:WHDLOAD/OCS/B/Bohemian/bohemian.slave;0;0;0;0
0;Birthday;Unknown;Demos:WHDLOAD/OCS/B/Birthday/birthday.slave;0;0;0;0
0;Toxic Waste;Unknown;Demos:WHDLOAD/OCS/T/ToxicWaste/toxicwaste.slave;0;0;0;0
0;Aural Illusions;Unknown;Demos:WHDLOAD/OCS/A/AuralIllusions/auralillusions.slave;0;0;0;0
0;Atmosphere;Unknown;Demos:WHDLOAD/OCS/A/Atmosphere/atmosphere.slave;0;0;0;0
0;Acoustic Silence;Unknown;Demos:WHDLOAD/OCS/A/AcousticSilence/acousticsilence.slave;0;0;0;0
0;Wicked House;Unknown;Demos:WHDLOAD/OCS/W/WickedHouse/wickedhouse.slave;0;0;0;0
0;Heliopolis;Unknown;Demos:WHDLOAD/OCS/H/Heliopolis/heliopolis.slave;0;0;0;0
0;Hologon (With fast memory);Unknown;Demos:WHDLOAD/OCS/H/Hologon512k/hologon512k.slave;0;0;0;0
0;Hologon;Unknown;Demos:WHDLOAD/OCS/H/Hologon/hologon.slave;0;0;0;0
0;Vision of the Art;Unknown;Demos:WHDLOAD/OCS/V/VisionOfTheArt/visionoftheart.slave;0;0;0;0
0;Soundtracker Injury 4;Unknown;Demos:WHDLOAD/OCS/S/SoundtrackerInjury4/soundtrackerinjury4.slave;0;0;0;0
0;Soundtracker Injury;Unknown;Demos:WHDLOAD/OCS/S/SoundtrackerInjury/soundtrackerinjury.slave;0;0;0;0
0;Starlight;Unknown;Demos:WHDLOAD/OCS/S/Starlight/starlight.slave;0;0;0;0
0;ExplorerAGA;Unknown;Demos:WHDLOAD/AGA/E/ExplorerAGA/exploreraga.slave;0;0;0;0
0;Empty Head Alt;Unknown;Demos:WHDLOAD/AGA/E/EmptyheadAGA/emptyheadaga.slave;0;0;0;0
0;The Engine Alt;Unknown;Demos:WHDLOAD/AGA/E/EngineAGA/engineaga.slave;0;0;0;0
0;Blues Symphonies;Unknown;Demos:WHDLOAD/AGA/B/BluesSymphoniesAGA/bluessymphoniesaga.slave;0;0;0;0
